time,A2538,time,B2250,C1890,,,
0,70,0,62,52,10,100,0
0.499982,70.0083,0.499982,62.0073,52.0061,10.0012,100.012,0.012
0.999946,70.0165,0.999946,62.0146,52.0123,10.0023,100.023,0.023
1.49989,70.0248,1.49989,62.0219,52.0184,10.0035,100.035,0.035
1.99996,70.0332,1.99996,62.0293,52.0246,10.0047,100.047,0.047
2.49987,70.0416,2.49987,62.0368,52.0308,10.006,100.06,0.06
2.99991,70.05,2.99991,62.0443,52.0371,10.0072,100.072,0.072
3.49993,70.0584,3.49993,62.0518,52.0434,10.0084,100.084,0.084
3.99993,70.0668,3.99993,62.0592,52.0497,10.0095,100.095,0.095
4.49991,70.0752,4.49991,62.0666,52.0559,10.0107,100.107,0.107
4.99988,70.0835,4.99988,62.074,52.0621,10.0119,100.119,0.119
5.49997,70.0918,5.49997,62.0813,52.0682,10.0131,100.131,0.131
5.9999,70.1,5.9999,62.0886,52.0743,10.0143,100.143,0.143
6.49995,70.1083,6.49995,62.0959,52.0804,10.0155,100.155,0.155
6.99999,70.1166,6.99999,62.1032,52.0866,10.0166,100.166,0.166
7.49987,70.1249,7.49987,62.1106,52.0928,10.0178,100.178,0.178
7.99987,70.1332,7.99987,62.1179,52.0989,10.019,100.19,0.19
8.49999,70.1415,8.49999,62.1253,52.1051,10.0202,100.202,0.202
8.99996,70.1499,8.99996,62.1327,52.1113,10.0214,100.214,0.214
9.49991,70.1582,9.49991,62.1401,52.1175,10.0226,100.226,0.226
9.99998,70.1667,9.99998,62.1476,52.1238,10.0238,100.238,0.238
10.4999,70.1751,10.4999,62.1551,52.1301,10.025,100.25,0.25
10.9999,70.1835,10.9999,62.1625,52.1363,10.0262,100.262,0.262
11.5,70.1918,11.5,62.1699,52.1426,10.0273,100.273,0.273
12,70.2002,12,62.1773,52.1488,10.0285,100.285,0.285
12.4999,70.2085,12.4999,62.1847,52.1549,10.0298,100.298,0.298
12.9999,70.2168,12.9999,62.192,52.1611,10.0309,100.309,0.309
13.5,70.2251,13.5,62.1994,52.1672,10.0322,100.322,0.322
13.9999,70.2334,13.9999,62.2067,52.1733,10.0334,100.334,0.334
14.5,70.2417,14.5,62.214,52.1795,10.0345,100.345,0.345
14.9999,70.2499,14.9999,62.2214,52.1856,10.0358,100.358,0.358
15.4999,70.2582,15.4999,62.2287,52.1918,10.0369,100.369,0.369
15.9999,70.2665,15.9999,62.236,52.198,10.038,100.38,0.38
16.5,70.2748,16.5,62.2434,52.2041,10.0393,100.393,0.393
16.9999,70.2832,16.9999,62.2506,52.2102,10.0404,100.404,0.404
17.4999,70.2916,17.4999,62.2578,52.2162,10.0416,100.416,0.416
18,70.3002,18,62.2647,52.222,10.0427,100.427,0.427
18.4999,70.3086,18.4999,62.2712,52.2274,10.0438,100.438,0.438
18.9999,70.3171,18.9999,62.2773,52.2324,10.0449,100.449,0.449
19.4999,70.3256,19.4999,62.2829,52.2369,10.046,100.46,0.46
19.9999,70.3345,19.9999,62.2882,52.2409,10.0473,100.473,0.473
20.4999,70.3435,20.4999,62.2933,52.2444,10.0489,100.489,0.489
20.9999,70.3527,20.9999,62.298,52.2472,10.0508,100.508,0.508
21.4999,70.362,21.4999,62.3026,52.2499,10.0527,100.527,0.527
21.9999,70.3714,21.9999,62.3069,52.2521,10.0548,100.548,0.548
22.5,70.3807,22.5,62.3112,52.254,10.0572,100.572,0.572
23,70.3901,23,62.3153,52.2558,10.0595,100.595,0.595
23.4999,70.3994,23.4999,62.3193,52.2574,10.0619,100.619,0.619
24,70.4087,24,62.3235,52.2589,10.0646,100.646,0.646
24.4999,70.418,24.4999,62.3274,52.2601,10.0673,100.673,0.673
25,70.4272,25,62.3312,52.2613,10.0699,100.699,0.699
25.4999,70.4364,25.4999,62.3353,52.2626,10.0727,100.727,0.727
26,70.4457,26,62.3393,52.2638,10.0755,100.755,0.755
26.4999,70.4549,26.4999,62.3433,52.2649,10.0784,100.784,0.784
27,70.4641,27,62.3473,52.2659,10.0814,100.814,0.814
27.4999,70.4731,27.4999,62.3512,52.2669,10.0843,100.843,0.843
27.9999,70.4822,27.9999,62.3552,52.2678,10.0874,100.874,0.874
28.5,70.4913,28.5,62.3592,52.2687,10.0905,100.905,0.905
28.9999,70.5005,28.9999,62.3631,52.2697,10.0934,100.934,0.934
29.5,70.5095,29.5,62.3673,52.2706,10.0967,100.967,0.967
29.9999,70.5187,29.9999,62.3713,52.2714,10.0999,100.999,0.999
30.4999,70.5279,30.4999,62.3753,52.2721,10.1032,101.032,1.032
30.9999,70.537,30.9999,62.3795,52.273,10.1065,101.065,1.065
31.5,70.5462,31.5,62.3836,52.2737,10.1099,101.099,1.099
31.9999,70.5554,31.9999,62.3877,52.2744,10.1133,101.133,1.133
32.4999,70.5643,32.4999,62.3919,52.2752,10.1167,101.167,1.167
32.9999,70.5734,32.9999,62.396,52.2759,10.1201,101.201,1.201
33.5,70.5825,33.5,62.4,52.2765,10.1235,101.235,1.235
34,70.5916,34,62.404,52.2772,10.1268,101.268,1.268
34.4999,70.6008,34.4999,62.4082,52.2779,10.1303,101.303,1.303
35,70.6097,35,62.4123,52.2784,10.1339,101.339,1.339
35.4999,70.6188,35.4999,62.4164,52.2791,10.1373,101.373,1.373
36,70.6279,36,62.4207,52.2795,10.1412,101.412,1.412
36.4999,70.6369,36.4999,62.4248,52.2801,10.1447,101.447,1.447
36.9999,70.6458,36.9999,62.429,52.2807,10.1483,101.483,1.483
37.5,70.6548,37.5,62.4331,52.2813,10.1518,101.518,1.518
38,70.6639,38,62.4373,52.2819,10.1554,101.554,1.554
38.4999,70.6731,38.4999,62.4416,52.2824,10.1592,101.592,1.592
38.9999,70.6823,38.9999,62.4459,52.2828,10.1631,101.631,1.631
39.4999,70.6913,39.4999,62.4502,52.2834,10.1668,101.668,1.668
39.9999,70.7002,39.9999,62.4546,52.284,10.1706,101.706,1.706
40.5,70.7095,40.5,62.4589,52.2845,10.1744,101.744,1.744
41,70.7187,41,62.4634,52.2849,10.1785,101.785,1.785
41.4999,70.7278,41.4999,62.4677,52.2854,10.1823,101.823,1.823
42,70.737,42,62.4722,52.2859,10.1863,101.863,1.863
42.5,70.746,42.5,62.4765,52.2864,10.1901,101.901,1.901
42.9999,70.7551,42.9999,62.4809,52.2868,10.1941,101.941,1.941
43.4999,70.7641,43.4999,62.4852,52.2872,10.198,101.98,1.98
43.9999,70.7731,43.9999,62.4895,52.2877,10.2018,102.018,2.018
44.4999,70.7822,44.4999,62.4939,52.2882,10.2057,102.057,2.057
44.9999,70.7912,44.9999,62.4983,52.2886,10.2097,102.097,2.097
45.4999,70.8003,45.4999,62.5027,52.2891,10.2136,102.136,2.136
45.9999,70.8093,45.9999,62.5071,52.2893,10.2178,102.178,2.178
46.5,70.8183,46.5,62.5115,52.2897,10.2218,102.218,2.218
46.9999,70.8274,46.9999,62.5159,52.2901,10.2258,102.258,2.258
47.4999,70.8365,47.4999,62.5203,52.2906,10.2297,102.297,2.297
48,70.8457,48,62.5248,52.291,10.2338,102.338,2.338
48.4999,70.8547,48.4999,62.5293,52.2914,10.2379,102.379,2.379
49,70.8636,49,62.5335,52.2917,10.2418,102.418,2.418
49.5,70.8726,49.5,62.5379,52.2921,10.2458,102.458,2.458
50,70.8816,50,62.5425,52.2925,10.25,102.5,2.5
50.4999,70.8907,50.4999,62.5472,52.2929,10.2543,102.543,2.543
50.9999,70.8995,50.9999,62.5514,52.2931,10.2583,102.583,2.583
51.5,70.9088,51.5,62.556,52.2934,10.2626,102.626,2.626
51.9999,70.918,51.9999,62.5606,52.2938,10.2668,102.668,2.668
52.4999,70.9271,52.4999,62.5653,52.2942,10.2711,102.711,2.711
53,70.9361,53,62.5698,52.2946,10.2752,102.752,2.752
53.4999,70.9454,53.4999,62.5745,52.2949,10.2796,102.796,2.796
53.9999,70.9546,53.9999,62.5793,52.2954,10.2839,102.839,2.839
54.5,70.9636,54.5,62.5838,52.2956,10.2882,102.882,2.882
55,70.9727,55,62.5884,52.2959,10.2925,102.925,2.925
55.4999,70.9818,55.4999,62.5931,52.2962,10.2969,102.969,2.969
55.9999,70.9908,55.9999,62.5976,52.2964,10.3012,103.012,3.012
56.5,70.9999,56.5,62.6025,52.2969,10.3056,103.056,3.056
56.9999,71.009,56.9999,62.6072,52.2972,10.31,103.1,3.1
57.4999,71.0181,57.4999,62.6122,52.2975,10.3147,103.147,3.147
58,71.0275,58,62.6169,52.2978,10.3191,103.191,3.191
58.4999,71.0367,58.4999,62.6215,52.298,10.3235,103.235,3.235
59,71.0458,59,62.6263,52.2983,10.328,103.28,3.28
59.4999,71.0549,59.4999,62.6307,52.2986,10.3321,103.321,3.321
59.9999,71.0641,59.9999,62.6355,52.2989,10.3366,103.366,3.366
60.5,71.0734,60.5,62.6404,52.2992,10.3412,103.412,3.412
60.9999,71.0826,60.9999,62.6453,52.2994,10.3459,103.459,3.459
61.4999,71.0917,61.4999,62.6503,52.2998,10.3505,103.505,3.505
61.9999,71.1009,61.9999,62.6551,52.3,10.3551,103.551,3.551
62.5,71.11,62.5,62.6598,52.3004,10.3594,103.594,3.594
63,71.1189,63,62.6645,52.3008,10.3637,103.637,3.637
63.5,71.1282,63.5,62.6693,52.3009,10.3684,103.684,3.684
63.9999,71.1375,63.9999,62.6743,52.3012,10.3731,103.731,3.731
64.4999,71.1467,64.4999,62.679,52.3015,10.3775,103.775,3.775
64.9999,71.1559,64.9999,62.6838,52.3017,10.3821,103.821,3.821
65.5,71.1651,65.5,62.6887,52.302,10.3867,103.867,3.867
66,71.1743,66,62.6934,52.3022,10.3912,103.912,3.912
66.4999,71.1834,66.4999,62.6982,52.3025,10.3957,103.957,3.957
66.9999,71.1926,66.9999,62.7031,52.3028,10.4003,104.003,4.003
67.4999,71.2017,67.4999,62.7081,52.3029,10.4052,104.052,4.052
68,71.211,68,62.7132,52.3033,10.4099,104.099,4.099
68.5,71.2204,68.5,62.7185,52.3035,10.415,104.15,4.15
68.9999,71.2298,68.9999,62.7236,52.3037,10.4199,104.199,4.199
69.4999,71.2392,69.4999,62.7286,52.304,10.4246,104.246,4.246
69.9999,71.2483,69.9999,62.7336,52.3043,10.4293,104.293,4.293
70.5,71.2576,70.5,62.7386,52.3046,10.434,104.34,4.34
71,71.2668,71,62.7439,52.3049,10.439,104.39,4.39
71.5,71.2761,71.5,62.7489,52.3051,10.4438,104.438,4.438
71.9999,71.2853,71.9999,62.7539,52.3053,10.4486,104.486,4.486
72.5,71.2947,72.5,62.759,52.3056,10.4534,104.534,4.534
72.9999,71.3037,72.9999,62.7639,52.3059,10.458,104.58,4.58
73.4999,71.3127,73.4999,62.7688,52.306,10.4628,104.628,4.628
73.9999,71.3219,73.9999,62.7738,52.3063,10.4675,104.675,4.675
74.5,71.3311,74.5,62.7788,52.3066,10.4722,104.722,4.722
74.9999,71.3405,74.9999,62.784,52.3068,10.4772,104.772,4.772
75.5,71.3496,75.5,62.7891,52.307,10.4821,104.821,4.821
76,71.359,76,62.7943,52.3073,10.487,104.87,4.87
76.5,71.3683,76.5,62.7995,52.3075,10.492,104.92,4.92
76.9999,71.3777,76.9999,62.8047,52.3077,10.497,104.97,4.97
77.4999,71.3868,77.4999,62.8098,52.308,10.5018,105.018,5.018
77.9999,71.3961,77.9999,62.815,52.3083,10.5067,105.067,5.067
78.5,71.4056,78.5,62.8204,52.3085,10.5119,105.119,5.119
78.9999,71.4147,78.9999,62.8255,52.3087,10.5168,105.168,5.168
79.4999,71.4241,79.4999,62.8309,52.309,10.5219,105.219,5.219
79.9999,71.4337,79.9999,62.8362,52.3092,10.527,105.27,5.27
80.5,71.4432,80.5,62.8414,52.3094,10.532,105.32,5.32
80.9999,71.4524,80.9999,62.8467,52.3096,10.5371,105.371,5.371
81.4999,71.4618,81.4999,62.8519,52.3099,10.542,105.42,5.42
81.9999,71.4711,81.9999,62.8573,52.31,10.5473,105.473,5.473
82.4999,71.4807,82.4999,62.8627,52.3103,10.5524,105.524,5.524
82.9999,71.49,82.9999,62.8681,52.3107,10.5574,105.574,5.574
83.5,71.4995,83.5,62.8736,52.3107,10.5629,105.629,5.629
83.9999,71.5089,83.9999,62.879,52.311,10.568,105.68,5.68
84.4999,71.5184,84.4999,62.8843,52.3113,10.573,105.73,5.73
84.9999,71.5278,84.9999,62.8896,52.3114,10.5782,105.782,5.782
85.4999,71.5373,85.4999,62.895,52.3116,10.5834,105.834,5.834
85.9999,71.5468,85.9999,62.9002,52.3119,10.5883,105.883,5.883
86.5,71.5561,86.5,62.9057,52.3121,10.5936,105.936,5.936
87,71.5653,87,62.9111,52.3123,10.5988,105.988,5.988
87.5,71.5745,87.5,62.9164,52.3125,10.6039,106.039,6.039
87.9999,71.5839,87.9999,62.9218,52.3127,10.6091,106.091,6.091
88.4999,71.5932,88.4999,62.9273,52.313,10.6143,106.143,6.143
88.9999,71.6027,88.9999,62.933,52.3132,10.6198,106.198,6.198
89.4999,71.6121,89.4999,62.9385,52.3134,10.6251,106.251,6.251
89.9999,71.6217,89.9999,62.9441,52.3136,10.6305,106.305,6.305
90.4999,71.6314,90.4999,62.9497,52.3138,10.6359,106.359,6.359
90.9999,71.6408,90.9999,62.9552,52.3141,10.6411,106.411,6.411
91.4999,71.6504,91.4999,62.9608,52.3143,10.6465,106.465,6.465
91.9999,71.66,91.9999,62.9664,52.3144,10.652,106.52,6.52
92.5,71.6697,92.5,62.9721,52.3147,10.6574,106.574,6.574
93,71.6794,93,62.9777,52.3149,10.6628,106.628,6.628
93.4999,71.6889,93.4999,62.9832,52.3151,10.6681,106.681,6.681
93.9999,71.6984,93.9999,62.989,52.3154,10.6736,106.736,6.736
94.4999,71.7081,94.4999,62.9947,52.3155,10.6792,106.792,6.792
94.9999,71.7176,94.9999,63.0004,52.3157,10.6847,106.847,6.847
95.4999,71.7274,95.4999,63.0063,52.3159,10.6904,106.904,6.904
95.9999,71.737,95.9999,63.0119,52.3162,10.6957,106.957,6.957
96.4999,71.7466,96.4999,63.0178,52.3165,10.7013,107.013,7.013
96.9999,71.7564,96.9999,63.0238,52.3167,10.7071,107.071,7.071
97.5,71.7657,97.5,63.0295,52.3167,10.7128,107.128,7.128
97.9999,71.7755,97.9999,63.0354,52.3169,10.7185,107.185,7.185
98.5,71.7852,98.5,63.0413,52.3172,10.7241,107.241,7.241
99,71.7952,99,63.0475,52.3174,10.7301,107.301,7.301
99.4999,71.8047,99.4999,63.0533,52.3176,10.7357,107.357,7.357
99.9999,71.8145,99.9999,63.0591,52.3178,10.7413,107.413,7.413
100.5,71.8242,100.5,63.0649,52.3181,10.7468,107.468,7.468
101,71.8338,101,63.0706,52.3184,10.7522,107.522,7.522
101.5,71.8434,101.5,63.0765,52.3185,10.758,107.58,7.58
102,71.853,102,63.0823,52.3187,10.7636,107.636,7.636
102.5,71.8627,102.5,63.0883,52.3189,10.7694,107.694,7.694
103,71.8725,103,63.0944,52.319,10.7754,107.754,7.754
103.5,71.8825,103.5,63.1005,52.3193,10.7812,107.812,7.812
104,71.8924,104,63.1065,52.3195,10.787,107.87,7.87
104.5,71.902,104.5,63.1124,52.3196,10.7928,107.928,7.928
105,71.9117,105,63.1183,52.3198,10.7985,107.985,7.985
105.5,71.9214,105.5,63.1244,52.3199,10.8045,108.045,8.045
106,71.9313,106,63.1305,52.3202,10.8103,108.103,8.103
106.5,71.9411,106.5,63.1367,52.3204,10.8163,108.163,8.163
107,71.951,107,63.1428,52.3206,10.8222,108.222,8.222
107.5,71.9607,107.5,63.1488,52.3208,10.828,108.28,8.28
108,71.9707,108,63.155,52.3211,10.8339,108.339,8.339
108.5,71.9803,108.5,63.1611,52.3212,10.8399,108.399,8.399
109,71.9901,109,63.1671,52.3213,10.8458,108.458,8.458
109.5,72.0001,109.5,63.1734,52.3215,10.8519,108.519,8.519
110,72.0099,110,63.1797,52.3217,10.858,108.58,8.58
110.5,72.0199,110.5,63.1859,52.3219,10.864,108.64,8.64
111,72.0298,111,63.1922,52.3222,10.87,108.7,8.7
111.5,72.0395,111.5,63.1985,52.3224,10.8761,108.761,8.761
112,72.0496,112,63.2049,52.3226,10.8823,108.823,8.823
112.5,72.0597,112.5,63.2116,52.3227,10.8889,108.889,8.889
113,72.0698,113,63.2181,52.3229,10.8952,108.952,8.952
113.5,72.0799,113.5,63.2247,52.3231,10.9016,109.016,9.016
114,72.0902,114,63.2314,52.3234,10.908,109.08,9.08
114.5,72.1003,114.5,63.2382,52.3235,10.9147,109.147,9.147
115,72.1105,115,63.2448,52.3237,10.9211,109.211,9.211
115.5,72.1207,115.5,63.2515,52.3239,10.9276,109.276,9.276
116,72.1308,116,63.2579,52.3241,10.9338,109.338,9.338
116.5,72.1411,116.5,63.2647,52.3242,10.9405,109.405,9.405
117,72.1512,117,63.2712,52.3244,10.9468,109.468,9.468
117.5,72.1612,117.5,63.2778,52.3246,10.9532,109.532,9.532
118,72.1718,118,63.2846,52.3249,10.9597,109.597,9.597
118.5,72.1818,118.5,63.2911,52.3249,10.9662,109.662,9.662
119,72.1918,119,63.2976,52.3252,10.9724,109.724,9.724
119.5,72.2021,119.5,63.3046,52.3254,10.9792,109.792,9.792
120,72.2126,120,63.3114,52.3256,10.9858,109.858,9.858
120.5,72.2229,120.5,63.318,52.3257,10.9923,109.923,9.923
121,72.2331,121,63.3249,52.326,10.9989,109.989,9.989
121.5,72.2433,121.5,63.3317,52.3261,11.0056,110.056,10.056
122,72.2538,122,63.3386,52.3262,11.0124,110.124,10.124
122.5,72.2644,122.5,63.3457,52.3264,11.0193,110.193,10.193
123,72.2747,123,63.3527,52.3266,11.0261,110.261,10.261
123.5,72.285,123.5,63.3597,52.3268,11.0329,110.329,10.329
124,72.2953,124,63.3665,52.327,11.0395,110.395,10.395
124.5,72.3058,124.5,63.3738,52.3272,11.0466,110.466,10.466
125,72.3162,125,63.3809,52.3275,11.0534,110.534,10.534
125.5,72.3269,125.5,63.3884,52.3277,11.0607,110.607,10.607
126,72.3375,126,63.3956,52.3278,11.0678,110.678,10.678
126.5,72.3481,126.5,63.4031,52.3279,11.0752,110.752,10.752
127,72.3589,127,63.4103,52.328,11.0823,110.823,10.823
127.5,72.3695,127.5,63.4176,52.3283,11.0893,110.893,10.893
128,72.3801,128,63.425,52.3284,11.0966,110.966,10.966
128.5,72.3909,128.5,63.4324,52.3285,11.1039,111.039,11.039
129,72.4016,129,63.4399,52.3287,11.1112,111.112,11.112
129.5,72.4122,129.5,63.4473,52.3289,11.1184,111.184,11.184
130,72.4231,130,63.4548,52.329,11.1258,111.258,11.258
130.5,72.434,130.5,63.4623,52.3292,11.1331,111.331,11.331
131,72.4451,131,63.47,52.3294,11.1406,111.406,11.406
131.5,72.4557,131.5,63.4775,52.3295,11.148,111.48,11.48
132,72.4665,132,63.4853,52.3297,11.1556,111.556,11.556
132.5,72.4774,132.5,63.4929,52.3299,11.163,111.63,11.63
133,72.4883,133,63.5005,52.3301,11.1704,111.704,11.704
133.5,72.4991,133.5,63.5081,52.3303,11.1778,111.778,11.778
134,72.5104,134,63.5164,52.3304,11.186,111.86,11.86
134.5,72.5217,134.5,63.5244,52.3305,11.1939,111.939,11.939
135,72.5331,135,63.5329,52.3306,11.2023,112.023,12.023
135.5,72.5443,135.5,63.541,52.3308,11.2102,112.102,12.102
136,72.5555,136,63.5492,52.331,11.2182,112.182,12.182
136.5,72.5667,136.5,63.5575,52.331,11.2265,112.265,12.265
137,72.5779,137,63.5657,52.3313,11.2344,112.344,12.344
137.5,72.5889,137.5,63.5737,52.3314,11.2423,112.423,12.423
138,72.6,138,63.5817,52.3316,11.2501,112.501,12.501
138.5,72.6113,138.5,63.59,52.3316,11.2584,112.584,12.584
139,72.6226,139,63.5984,52.3318,11.2666,112.666,12.666
139.5,72.6338,139.5,63.6067,52.332,11.2747,112.747,12.747
140,72.6452,140,63.6149,52.3321,11.2828,112.828,12.828
140.5,72.6567,140.5,63.6235,52.3322,11.2913,112.913,12.913
141,72.6682,141,63.6322,52.3323,11.2999,112.999,12.999
141.5,72.6797,141.5,63.6407,52.3325,11.3082,113.082,13.082
142,72.6915,142,63.6495,52.3325,11.317,113.17,13.17
142.5,72.7029,142.5,63.6582,52.3327,11.3255,113.255,13.255
143,72.7146,143,63.667,52.3328,11.3342,113.342,13.342
143.5,72.7264,143.5,63.676,52.333,11.343,113.43,13.43
144,72.7381,144,63.6853,52.3332,11.3521,113.521,13.521
144.5,72.7498,144.5,63.6941,52.3334,11.3607,113.607,13.607
145,72.7617,145,63.7032,52.3334,11.3698,113.698,13.698
145.5,72.7735,145.5,63.7125,52.3336,11.3789,113.789,13.789
146,72.7856,146,63.7219,52.3337,11.3882,113.882,13.882
146.5,72.7978,146.5,63.7314,52.3337,11.3977,113.977,13.977
147,72.8099,147,63.7409,52.334,11.4069,114.069,14.069
147.5,72.8222,147.5,63.7507,52.3341,11.4166,114.166,14.166
148,72.8345,148,63.7604,52.3341,11.4263,114.263,14.263
148.5,72.8469,148.5,63.7703,52.3343,11.436,114.36,14.36
149,72.8594,149,63.7802,52.3344,11.4458,114.458,14.458
149.5,72.8721,149.5,63.7902,52.3344,11.4558,114.558,14.558
150,72.8847,150,63.8001,52.3345,11.4656,114.656,14.656
150.5,72.8973,150.5,63.8102,52.3347,11.4755,114.755,14.755
151,72.91,151,63.8206,52.3348,11.4858,114.858,14.858
151.5,72.9226,151.5,63.8308,52.3349,11.4959,114.959,14.959
152,72.9352,152,63.841,52.335,11.506,115.06,15.06
152.5,72.948,152.5,63.8513,52.3351,11.5162,115.162,15.162
153,72.9608,153,63.8617,52.3353,11.5264,115.264,15.264
153.5,72.9737,153.5,63.8723,52.3352,11.5371,115.371,15.371
154,72.9864,154,63.8829,52.3354,11.5475,115.475,15.475
154.5,72.9995,154.5,63.8937,52.3354,11.5583,115.583,15.583
155,73.0125,155,63.9046,52.3356,11.569,115.69,15.69
155.5,73.0258,155.5,63.9156,52.3357,11.5799,115.799,15.799
156,73.039,156,63.9266,52.3357,11.5909,115.909,15.909
156.5,73.0523,156.5,63.9378,52.3358,11.602,116.02,16.02
157,73.0657,157,63.9492,52.3359,11.6133,116.133,16.133
157.5,73.079,157.5,63.9605,52.3359,11.6246,116.246,16.246
158,73.0927,158,63.9722,52.336,11.6362,116.362,16.362
158.5,73.1065,158.5,63.984,52.336,11.648,116.48,16.48
159,73.1201,159,63.9958,52.336,11.6598,116.598,16.598
159.5,73.1338,159.5,64.0075,52.3362,11.6713,116.713,16.713
160,73.1479,160,64.0198,52.3362,11.6836,116.836,16.836
160.5,73.1619,160.5,64.0319,52.3364,11.6955,116.955,16.955
161,73.176,161,64.0442,52.3363,11.7079,117.079,17.079
161.5,73.1901,161.5,64.0567,52.3363,11.7204,117.204,17.204
162,73.2045,162,64.0695,52.3364,11.7331,117.331,17.331
162.5,73.2189,162.5,64.0823,52.3364,11.7459,117.459,17.459
163,73.2332,163,64.0951,52.3364,11.7587,117.587,17.587
163.5,73.2478,163.5,64.1081,52.3365,11.7716,117.716,17.716
164,73.2625,164,64.1214,52.3366,11.7848,117.848,17.848
164.5,73.2771,164.5,64.1346,52.3366,11.798,117.98,17.98
165,73.292,165,64.1482,52.3365,11.8117,118.117,18.117
165.5,73.307,165.5,64.1617,52.3365,11.8252,118.252,18.252
166,73.3218,166,64.1753,52.3365,11.8388,118.388,18.388
166.5,73.3368,166.5,64.189,52.3365,11.8525,118.525,18.525
167,73.3519,167,64.2029,52.3364,11.8665,118.665,18.665
167.5,73.3669,167.5,64.2169,52.3365,11.8804,118.804,18.804
168,73.3824,168,64.2311,52.3364,11.8947,118.947,18.947
168.5,73.3977,168.5,64.2454,52.3364,11.909,119.09,19.09
169,73.4132,169,64.2599,52.3362,11.9237,119.237,19.237
169.5,73.4287,169.5,64.2745,52.3363,11.9382,119.382,19.382
170,73.4443,170,64.2891,52.3363,11.9528,119.528,19.528
170.5,73.46,170.5,64.3039,52.3362,11.9677,119.677,19.677
171,73.4756,171,64.3188,52.3361,11.9827,119.827,19.827
171.5,73.4917,171.5,64.3342,52.336,11.9982,119.982,19.982
172,73.5078,172,64.3496,52.3359,12.0137,120.137,20.137
172.5,73.5238,172.5,64.365,52.3359,12.0291,120.291,20.291
173,73.5398,173,64.3803,52.3358,12.0445,120.445,20.445
173.5,73.5561,173.5,64.3961,52.3357,12.0604,120.604,20.604
174,73.5724,174,64.4119,52.3356,12.0763,120.763,20.763
174.5,73.5888,174.5,64.4278,52.3353,12.0925,120.925,20.925
175,73.6052,175,64.4437,52.3352,12.1085,121.085,21.085
175.5,73.6213,175.5,64.4595,52.3353,12.1242,121.242,21.242
176,73.6377,176,64.4755,52.3353,12.1402,121.402,21.402
176.5,73.6543,176.5,64.4917,52.335,12.1567,121.567,21.567
177,73.671,177,64.5082,52.3348,12.1734,121.734,21.734
177.5,73.6878,177.5,64.5247,52.3346,12.1901,121.901,21.901
178,73.7044,178,64.5409,52.3345,12.2064,122.064,22.064
178.5,73.7211,178.5,64.5575,52.3343,12.2232,122.232,22.232
179,73.738,179,64.5742,52.3339,12.2403,122.403,22.403
179.5,73.7548,179.5,64.5909,52.3337,12.2572,122.572,22.572
180,73.7715,180,64.6075,52.3336,12.2739,122.739,22.739
180.5,73.7883,180.5,64.6242,52.3334,12.2908,122.908,22.908
181,73.8053,181,64.641,52.3331,12.3079,123.079,23.079
181.5,73.8224,181.5,64.6582,52.3329,12.3253,123.253,23.253
182,73.8393,182,64.675,52.3326,12.3424,123.424,23.424
182.5,73.8565,182.5,64.6921,52.3323,12.3598,123.598,23.598
183,73.8733,183,64.7089,52.3322,12.3767,123.767,23.767
183.5,73.8903,183.5,64.7259,52.3318,12.3941,123.941,23.941
184,73.9074,184,64.743,52.3316,12.4114,124.114,24.114
184.5,73.9247,184.5,64.7603,52.3313,12.429,124.29,24.29
185,73.9417,185,64.7773,52.3309,12.4464,124.464,24.464
185.5,73.9589,185.5,64.7945,52.3305,12.464,124.64,24.64
186,73.976,186,64.8117,52.3303,12.4814,124.814,24.814
186.5,73.993,186.5,64.8287,52.3301,12.4986,124.986,24.986
187,74.0102,187,64.846,52.3296,12.5164,125.164,25.164
187.5,74.0273,187.5,64.8632,52.3293,12.5339,125.339,25.339
188,74.0443,188,64.8802,52.3291,12.5511,125.511,25.511
188.5,74.0618,188.5,64.8977,52.3286,12.5691,125.691,25.691
189,74.079,189,64.9151,52.3283,12.5868,125.868,25.868
189.5,74.0964,189.5,64.9325,52.3277,12.6048,126.048,26.048
190,74.1135,190,64.9496,52.3276,12.622,126.22,26.22
190.5,74.1305,190.5,64.9666,52.3272,12.6394,126.394,26.394
191,74.1478,191,64.9842,52.3267,12.6575,126.575,26.575
191.5,74.1653,191.5,65.0017,52.3262,12.6755,126.755,26.755
192,74.1825,192,65.0189,52.3258,12.6931,126.931,26.931
192.5,74.1998,192.5,65.0364,52.3253,12.7111,127.111,27.111
193,74.217,193,65.0536,52.3249,12.7287,127.287,27.287
193.5,74.2345,193.5,65.0712,52.3245,12.7467,127.467,27.467
194,74.2514,194,65.0882,52.3243,12.7639,127.639,27.639
194.5,74.2689,194.5,65.1058,52.3237,12.7821,127.821,27.821
195,74.2862,195,65.1232,52.3232,12.8,128,28
195.5,74.3036,195.5,65.1407,52.3227,12.818,128.18,28.18
196,74.3211,196,65.1583,52.3222,12.8361,128.361,28.361
196.5,74.3384,196.5,65.1757,52.3217,12.854,128.54,28.54
197,74.3557,197,65.1931,52.3213,12.8718,128.718,28.718
197.5,74.3731,197.5,65.2105,52.3208,12.8897,128.897,28.897
198,74.3905,198,65.228,52.3203,12.9077,129.077,29.077
198.5,74.4077,198.5,65.2454,52.3199,12.9255,129.255,29.255
199,74.4252,199,65.2629,52.3194,12.9435,129.435,29.435
199.5,74.4426,199.5,65.2805,52.3188,12.9617,129.617,29.617
200,74.46,200,65.298,52.3183,12.9797,129.797,29.797
200.5,74.4775,200.5,65.3156,52.3177,12.9979,129.979,29.979
201,74.4948,201,65.333,52.3173,13.0157,130.157,30.157
201.5,74.5124,201.5,65.3507,52.3166,13.0341,130.341,30.341
202,74.5298,202,65.3683,52.3162,13.0521,130.521,30.521
202.5,74.5475,202.5,65.3861,52.3153,13.0708,130.708,30.708
203,74.565,203,65.4037,52.3148,13.0889,130.889,30.889
203.5,74.5823,203.5,65.4211,52.3144,13.1067,131.067,31.067
204,74.6,204,65.4389,52.3137,13.1252,131.252,31.252
204.5,74.6173,204.5,65.4564,52.3131,13.1433,131.433,31.433
205,74.6349,205,65.474,52.3126,13.1614,131.614,31.614
205.5,74.6524,205.5,65.4916,52.3121,13.1795,131.795,31.795
206,74.6699,206,65.5094,52.3114,13.198,131.98,31.98
206.5,74.6874,206.5,65.5269,52.3108,13.2161,132.161,32.161
207,74.7049,207,65.5445,52.3102,13.2343,132.343,32.343
207.5,74.7224,207.5,65.5621,52.3096,13.2525,132.525,32.525
208,74.7402,208,65.58,52.3088,13.2712,132.712,32.712
208.5,74.7576,208.5,65.5976,52.3083,13.2893,132.893,32.893
209,74.7755,209,65.6157,52.3075,13.3082,133.082,33.082
209.5,74.7928,209.5,65.6331,52.307,13.3261,133.261,33.261
210,74.8103,210,65.6507,52.3063,13.3444,133.444,33.444
210.5,74.828,210.5,65.6686,52.3056,13.363,133.63,33.63
211,74.8456,211,65.6863,52.305,13.3813,133.813,33.813
211.5,74.8632,211.5,65.704,52.3043,13.3997,133.997,33.997
212,74.8808,212,65.7217,52.3036,13.4181,134.181,34.181
212.5,74.8988,212.5,65.7399,52.3028,13.4371,134.371,34.371
213,74.9161,213,65.7573,52.3022,13.4551,134.551,34.551
213.5,74.9338,213.5,65.7751,52.3015,13.4736,134.736,34.736
214,74.9514,214,65.7929,52.301,13.4919,134.919,34.919
214.5,74.9691,214.5,65.8107,52.3001,13.5106,135.106,35.106
215,74.9868,215,65.8286,52.2994,13.5292,135.292,35.292
215.5,75.0044,215.5,65.8464,52.2987,13.5477,135.477,35.477
216,75.0221,216,65.8641,52.2979,13.5662,135.662,35.662
216.5,75.0398,216.5,65.882,52.2972,13.5848,135.848,35.848
217,75.0577,217,65.9,52.2964,13.6036,136.036,36.036
217.5,75.0753,217.5,65.9178,52.2957,13.6221,136.221,36.221
218,75.093,218,65.9357,52.2949,13.6408,136.408,36.408
218.5,75.1108,218.5,65.9536,52.2943,13.6593,136.593,36.593
219,75.1285,219,65.9713,52.2935,13.6778,136.778,36.778
219.5,75.146,219.5,65.989,52.293,13.696,136.96,36.96
220,75.164,220,66.0072,52.2921,13.7151,137.151,37.151
220.5,75.1816,220.5,66.0249,52.2914,13.7335,137.335,37.335
221,75.1994,221,66.0429,52.2905,13.7524,137.524,37.524
221.5,75.2171,221.5,66.0607,52.2899,13.7708,137.708,37.708
222,75.2347,222,66.0785,52.2894,13.7891,137.891,37.891
222.5,75.2524,222.5,66.0963,52.2885,13.8078,138.078,38.078
223,75.2701,223,66.1142,52.2877,13.8265,138.265,38.265
223.5,75.288,223.5,66.1322,52.2868,13.8454,138.454,38.454
224,75.3056,224,66.15,52.2861,13.8639,138.639,38.639
224.5,75.3232,224.5,66.1678,52.2854,13.8824,138.824,38.824
225,75.3411,225,66.1858,52.2845,13.9013,139.013,39.013
225.5,75.359,225.5,66.2039,52.2837,13.9202,139.202,39.202
226,75.3769,226,66.2219,52.2831,13.9388,139.388,39.388
226.5,75.3945,226.5,66.2397,52.2822,13.9575,139.575,39.575
227,75.4124,227,66.2578,52.2814,13.9764,139.764,39.764
227.5,75.4302,227.5,66.2757,52.2806,13.9951,139.951,39.951
228,75.448,228,66.2937,52.2797,14.014,140.14,40.14
228.5,75.4657,228.5,66.3115,52.2791,14.0324,140.324,40.324
229,75.4835,229,66.3294,52.2783,14.0511,140.511,40.511
229.5,75.5011,229.5,66.3472,52.2775,14.0697,140.697,40.697
230,75.519,230,66.3653,52.2767,14.0886,140.886,40.886
230.5,75.5369,230.5,66.3834,52.2758,14.1076,141.076,41.076
231,75.5547,231,66.4013,52.275,14.1263,141.263,41.263
231.5,75.5724,231.5,66.4192,52.2742,14.145,141.45,41.45
232,75.5904,232,66.4373,52.2734,14.1639,141.639,41.639
232.5,75.6081,232.5,66.4552,52.2727,14.1825,141.825,41.825
233,75.6259,233,66.4731,52.272,14.2011,142.011,42.011
233.5,75.6438,233.5,66.4912,52.2711,14.2201,142.201,42.201
234,75.6613,234,66.5089,52.2703,14.2386,142.386,42.386
234.5,75.6794,234.5,66.5271,52.2694,14.2577,142.577,42.577
235,75.6971,235,66.5449,52.2687,14.2762,142.762,42.762
235.5,75.7148,235.5,66.5629,52.2678,14.2951,142.951,42.951
236,75.7327,236,66.5809,52.267,14.3139,143.139,43.139
236.5,75.7506,236.5,66.599,52.2662,14.3328,143.328,43.328
237,75.7681,237,66.6166,52.2656,14.351,143.51,43.51
237.5,75.7863,237.5,66.6351,52.2646,14.3705,143.705,43.705
238,75.8039,238,66.6527,52.2638,14.3889,143.889,43.889
238.5,75.8217,238.5,66.6707,52.263,14.4077,144.077,44.077
239,75.8394,239,66.6885,52.2624,14.4261,144.261,44.261
239.5,75.8571,239.5,66.7064,52.2615,14.4449,144.449,44.449
240,75.875,240,66.7245,52.2606,14.4639,144.639,44.639
240.5,75.8929,240.5,66.7425,52.2598,14.4827,144.827,44.827
241,75.9105,241,66.7603,52.2591,14.5012,145.012,45.012
241.5,75.9284,241.5,66.7784,52.2583,14.5201,145.201,45.201
242,75.9462,242,66.7963,52.2575,14.5388,145.388,45.388
242.5,75.9642,242.5,66.8145,52.2566,14.5579,145.579,45.579
243,75.9819,243,66.8323,52.2558,14.5765,145.765,45.765
243.5,75.9998,243.5,66.8503,52.255,14.5953,145.953,45.953
244,76.0176,244,66.8684,52.2543,14.6141,146.141,46.141
244.5,76.0354,244.5,66.8863,52.2536,14.6327,146.327,46.327
245,76.053,245,66.9041,52.2527,14.6514,146.514,46.514
245.5,76.0707,245.5,66.9219,52.252,14.6699,146.699,46.699
246,76.0884,246,66.9398,52.2512,14.6886,146.886,46.886
246.5,76.1064,246.5,66.9579,52.2503,14.7076,147.076,47.076
247,76.1242,247,66.9758,52.2496,14.7262,147.262,47.262
247.5,76.1418,247.5,66.9936,52.2489,14.7447,147.447,47.447
248,76.1596,248,67.0115,52.2481,14.7634,147.634,47.634
248.5,76.1774,248.5,67.0295,52.2472,14.7823,147.823,47.823
249,76.1952,249,67.0475,52.2464,14.8011,148.011,48.011
249.5,76.2128,249.5,67.0653,52.2457,14.8196,148.196,48.196
250,76.2307,250,67.0833,52.2449,14.8384,148.384,48.384
250.5,76.2484,250.5,67.1012,52.2441,14.8571,148.571,48.571
251,76.2662,251,67.119,52.2434,14.8756,148.756,48.756
251.5,76.284,251.5,67.1371,52.2425,14.8946,148.946,48.946
252,76.3017,252,67.1549,52.2419,14.913,149.13,49.13
252.5,76.3194,252.5,67.1727,52.2411,14.9316,149.316,49.316
253,76.3372,253,67.1907,52.2404,14.9503,149.503,49.503
253.5,76.3552,253.5,67.2089,52.2394,14.9695,149.695,49.695
254,76.3728,254,67.2266,52.2388,14.9878,149.878,49.878
254.5,76.3907,254.5,67.2447,52.2379,15.0068,150.068,50.068
255,76.4084,255,67.2625,52.2371,15.0254,150.254,50.254
255.5,76.426,255.5,67.2803,52.2365,15.0438,150.438,50.438
256,76.4438,256,67.2983,52.2357,15.0626,150.626,50.626
256.5,76.4615,256.5,67.3161,52.235,15.0811,150.811,50.811
257,76.479,257,67.3338,52.2343,15.0995,150.995,50.995
257.5,76.4968,257.5,67.3517,52.2336,15.1181,151.181,51.181
258,76.5145,258,67.3695,52.2328,15.1367,151.367,51.367
258.5,76.5323,258.5,67.3875,52.2321,15.1554,151.554,51.554
259,76.5499,259,67.4052,52.2313,15.1739,151.739,51.739
259.5,76.5678,259.5,67.4233,52.2305,15.1928,151.928,51.928
260,76.5854,260,67.441,52.2299,15.2111,152.111,52.111
260.5,76.6031,260.5,67.4588,52.2292,15.2296,152.296,52.296
261,76.6208,261,67.4768,52.2284,15.2484,152.484,52.484
261.5,76.6385,261.5,67.4945,52.2278,15.2667,152.667,52.667
262,76.6561,262,67.5123,52.227,15.2853,152.853,52.853
262.5,76.6739,262.5,67.5302,52.2263,15.3039,153.039,53.039
263,76.6916,263,67.5481,52.2254,15.3227,153.227,53.227
263.5,76.7093,263.5,67.5659,52.2248,15.3411,153.411,53.411
264,76.7269,264,67.5836,52.2241,15.3595,153.595,53.595
264.5,76.7444,264.5,67.6013,52.2235,15.3778,153.778,53.778
265,76.7621,265,67.619,52.2228,15.3962,153.962,53.962
265.5,76.7799,265.5,67.637,52.222,15.415,154.15,54.15
266,76.7975,266,67.6548,52.2214,15.4334,154.334,54.334
266.5,76.8153,266.5,67.6727,52.2206,15.4521,154.521,54.521
267,76.8328,267,67.6903,52.2201,15.4702,154.702,54.702
267.5,76.8504,267.5,67.7081,52.2193,15.4888,154.888,54.888
268,76.8682,268,67.7261,52.2186,15.5075,155.075,55.075
268.5,76.8858,268.5,67.7438,52.2179,15.5259,155.259,55.259
269,76.9033,269,67.7614,52.2173,15.5441,155.441,55.441
269.5,76.9209,269.5,67.7791,52.2167,15.5624,155.624,55.624
270,76.9386,270,67.7969,52.2159,15.581,155.81,55.81
270.5,76.9562,270.5,67.8146,52.2153,15.5993,155.993,55.993
271,76.9738,271,67.8324,52.2146,15.6178,156.178,56.178
271.5,76.9913,271.5,67.8501,52.214,15.6361,156.361,56.361
272,77.0088,272,67.8677,52.2133,15.6544,156.544,56.544
272.5,77.0265,272.5,67.8856,52.2125,15.6731,156.731,56.731
273,77.0441,273,67.9032,52.2119,15.6913,156.913,56.913
273.5,77.0616,273.5,67.9209,52.2113,15.7096,157.096,57.096
274,77.0792,274,67.9386,52.2108,15.7278,157.278,57.278
274.5,77.0967,274.5,67.9563,52.2102,15.7461,157.461,57.461
275,77.1143,275,67.974,52.2094,15.7646,157.646,57.646
275.5,77.1319,275.5,67.9917,52.2088,15.7829,157.829,57.829
276,77.1494,276,68.0093,52.2082,15.8011,158.011,58.011
276.5,77.167,276.5,68.0271,52.2076,15.8195,158.195,58.195
277,77.1846,277,68.0447,52.207,15.8377,158.377,58.377
277.5,77.202,277.5,68.0622,52.2064,15.8558,158.558,58.558
278,77.2195,278,68.0799,52.2057,15.8742,158.742,58.742
278.5,77.237,278.5,68.0975,52.2052,15.8923,158.923,58.923
279,77.2546,279,68.1152,52.2046,15.9106,159.106,59.106
279.5,77.2721,279.5,68.1328,52.204,15.9288,159.288,59.288
280,77.2896,280,68.1504,52.2033,15.9471,159.471,59.471
280.5,77.3073,280.5,68.1683,52.2026,15.9657,159.657,59.657
281,77.3245,281,68.1856,52.2022,15.9834,159.834,59.834
281.5,77.342,281.5,68.2032,52.2016,16.0016,160.016,60.016
282,77.3595,282,68.2208,52.201,16.0198,160.198,60.198
282.5,77.3773,282.5,68.2387,52.2003,16.0384,160.384,60.384
283,77.3946,283,68.2561,52.1999,16.0562,160.562,60.562
283.5,77.4121,283.5,68.2737,52.1993,16.0744,160.744,60.744
284,77.4295,284,68.2913,52.1986,16.0927,160.927,60.927
284.5,77.4469,284.5,68.3088,52.1982,16.1106,161.106,61.106
285,77.4645,285,68.3264,52.1975,16.1289,161.289,61.289
285.5,77.482,285.5,68.3441,52.1969,16.1472,161.472,61.472
286,77.4995,286,68.3617,52.1964,16.1653,161.653,61.653
286.5,77.5168,286.5,68.3791,52.1959,16.1832,161.832,61.832
287,77.5343,287,68.3967,52.1954,16.2013,162.013,62.013
287.5,77.5516,287.5,68.4141,52.1947,16.2194,162.194,62.194
288,77.5692,288,68.4319,52.1942,16.2377,162.377,62.377
288.5,77.5868,288.5,68.4495,52.1936,16.2559,162.559,62.559
289,77.6041,289,68.4669,52.1932,16.2737,162.737,62.737
289.5,77.6213,289.5,68.4842,52.1926,16.2916,162.916,62.916
290,77.639,290,68.5021,52.192,16.3101,163.101,63.101
290.5,77.6565,290.5,68.5197,52.1914,16.3283,163.283,63.283
291,77.6737,291,68.5369,52.1911,16.3458,163.458,63.458
291.5,77.691,291.5,68.5543,52.1907,16.3636,163.636,63.636
292,77.7086,292,68.572,52.1899,16.3821,163.821,63.821
292.5,77.7259,292.5,68.5894,52.1894,16.4,164,64
293,77.7431,293,68.6068,52.1891,16.4177,164.177,64.177
293.5,77.7606,293.5,68.6244,52.1885,16.4359,164.359,64.359
294,77.778,294,68.6418,52.1879,16.4539,164.539,64.539
294.5,77.7955,294.5,68.6594,52.1875,16.4719,164.719,64.719
295,77.8129,295,68.6769,52.1868,16.4901,164.901,64.901
295.5,77.8302,295.5,68.6944,52.1864,16.508,165.08,65.08
296,77.8476,296,68.7118,52.1859,16.5259,165.259,65.259
296.5,77.8648,296.5,68.7291,52.1855,16.5436,165.436,65.436
297,77.8822,297,68.7467,52.1849,16.5618,165.618,65.618
297.5,77.8996,297.5,68.7641,52.1844,16.5797,165.797,65.797
298,77.9171,298,68.7817,52.1838,16.5979,165.979,65.979
298.5,77.9342,298.5,68.7989,52.1836,16.6153,166.153,66.153
299,77.9517,299,68.8166,52.183,16.6336,166.336,66.336
299.5,77.9688,299.5,68.8337,52.1826,16.6511,166.511,66.511
300,77.9865,300,68.8514,52.182,16.6694,166.694,66.694
300,77.9865,300,68.8514,52.182,16.6694,166.694,66.694
