time,A3277,time,B3137,time,C2997,time,D2857,time,E2717,
0,0,0,0,0,0,0,0,0,0,
0.499982,0.00844354,0.499982,0.00844142,0.499982,0.00844354,0.499982,0.00844908,0.499982,0.00844353,
0.999946,0.0169739,0.999946,0.0169735,0.999946,0.0169739,0.999946,0.0169714,0.999946,0.0169739,
1.49989,0.0255067,1.49989,0.0255055,1.49989,0.0255067,1.49989,0.025507,1.49989,0.0255067,
1.99996,0.0342516,1.99996,0.0342519,1.99996,0.0342515,1.99996,0.0342501,1.99996,0.0342515,
2.49987,0.0430001,2.49987,0.0429997,2.49987,0.0429999,2.49987,0.0429983,2.49987,0.043,
2.99991,0.0515309,2.99991,0.0515303,2.99991,0.0515308,2.99991,0.0515306,2.99991,0.0515309,
3.49993,0.0598803,3.49993,0.0598778,3.49993,0.0598802,3.49993,0.0598852,3.49993,0.0598803,
3.99993,0.0683991,3.99993,0.0683992,3.99993,0.0683991,3.99993,0.0683994,3.99993,0.0683991,
4.49991,0.0771248,4.49991,0.0771246,4.49991,0.0771248,4.49991,0.0771261,4.49991,0.077125,
4.99988,0.0858414,4.99988,0.085841,4.99988,0.0858414,4.99988,0.085844,4.99988,0.0858414,
5.49997,0.0944076,5.49997,0.0944074,5.49997,0.0944075,5.49997,0.0944067,5.49997,0.0944078,
5.9999,0.102842,5.9999,0.102842,5.9999,0.102842,5.9999,0.102845,5.9999,0.102842,
6.49995,0.111293,6.49995,0.111292,6.49995,0.111293,6.49995,0.111294,6.49995,0.111293,
6.99999,0.119768,6.99999,0.119768,6.99999,0.119767,6.99999,0.119769,6.99999,0.119768,
7.49987,0.128272,7.49987,0.12827,7.49987,0.128271,7.49987,0.128276,7.49987,0.128272,
7.99987,0.136852,7.99987,0.13685,7.99987,0.136852,7.99987,0.136854,7.99987,0.136852,
8.49999,0.145481,8.49999,0.145481,8.49999,0.145481,8.49999,0.145481,8.49999,0.145482,
8.99996,0.154091,8.99996,0.15409,8.99996,0.15409,8.99996,0.154092,8.99996,0.154091,
9.49991,0.162679,9.49991,0.162678,9.49991,0.162678,9.49991,0.162678,9.49991,0.162679,
9.99998,0.171253,9.99998,0.171253,9.99998,0.171252,9.99998,0.171251,9.99998,0.171253,
10.4999,0.179807,10.4999,0.179807,10.4999,0.179806,10.4999,0.179804,10.4999,0.179807,
10.9999,0.188327,10.9999,0.188328,10.9999,0.188327,10.9999,0.188323,10.9999,0.188327,
11.5,0.196832,11.5,0.196832,11.5,0.196831,11.5,0.196833,11.5,0.196832,
12,0.20535,12,0.205349,12,0.205349,12,0.205352,12,0.20535,
12.4999,0.213919,12.4999,0.213919,12.4999,0.213919,12.4999,0.213923,12.4999,0.21392,
12.9999,0.222547,12.9999,0.222546,12.9999,0.222546,12.9999,0.222545,12.9999,0.222547,
13.5,0.231183,13.5,0.231184,13.5,0.231183,13.5,0.23118,13.5,0.231183,
13.9999,0.239742,13.9999,0.239741,13.9999,0.239741,13.9999,0.23974,13.9999,0.239741,
14.5,0.248216,14.5,0.248215,14.5,0.248216,14.5,0.248217,14.5,0.248216,
14.9999,0.256639,14.9999,0.256639,14.9999,0.256638,14.9999,0.256639,14.9999,0.256638,
15.4999,0.265054,15.4999,0.265054,15.4999,0.265054,15.4999,0.265054,15.4999,0.265054,
15.9999,0.273476,15.9999,0.273517,15.9999,0.273517,15.9999,0.273522,15.9999,0.273448,
16.5,0.28191,16.5,0.28194,16.5,0.282013,16.5,0.282088,16.5,0.281831,
16.9999,0.290256,16.9999,0.290388,16.9999,0.290501,16.9999,0.29062,16.9999,0.29016,
17.4999,0.298532,17.4999,0.298748,17.4999,0.298901,17.4999,0.29907,17.4999,0.298426,
18,0.306268,18,0.306569,18,0.30699,18,0.307293,18,0.306081,
18.4999,0.313846,18.4999,0.314446,18.4999,0.314612,18.4999,0.315034,18.4999,0.313497,
18.9999,0.320933,18.9999,0.321484,18.9999,0.321931,18.9999,0.322332,18.9999,0.320338,
19.4999,0.326585,19.4999,0.327444,19.4999,0.328383,19.4999,0.329545,19.4999,0.326924,
19.9999,0.332493,19.9999,0.333029,19.9999,0.333654,19.9999,0.336497,19.9999,0.332512,
20.4999,0.337686,20.4999,0.338316,20.4999,0.339776,20.4999,0.344121,20.4999,0.336708,
20.9999,0.342348,20.9999,0.342675,20.9999,0.344251,20.9999,0.34986,20.9999,0.341245,
21.4999,0.346861,21.4999,0.347678,21.4999,0.34873,21.4999,0.355862,21.4999,0.345645,
21.9999,0.34923,21.9999,0.351055,21.9999,0.352709,21.9999,0.361048,21.9999,0.349202,
22.5,0.352341,22.5,0.354913,22.5,0.35591,22.5,0.365685,22.5,0.352094,
23,0.356077,23,0.3565,23,0.358604,23,0.370071,23,0.35566,
23.4999,0.358586,23.4999,0.358413,23.4999,0.362212,23.4999,0.373784,23.4999,0.358607,
24,0.360161,24,0.362782,24,0.36388,24,0.376488,24,0.360572,
24.4999,0.36273,24.4999,0.363843,24.4999,0.366705,24.4999,0.379091,24.4999,0.362854,
25,0.365359,25,0.365293,25,0.36836,25,0.382069,25,0.364592,
25.4999,0.367228,25.4999,0.367788,25.4999,0.371197,25.4999,0.383932,25.4999,0.366471,
26,0.367623,26,0.370353,26,0.372963,26,0.386346,26,0.367712,
26.4999,0.369169,26.4999,0.371213,26.4999,0.375501,26.4999,0.387463,26.4999,0.369193,
27,0.369998,27,0.37384,27,0.376244,27,0.389219,27,0.371542,
27.4999,0.371393,27.4999,0.374808,27.4999,0.378469,27.4999,0.39075,27.4999,0.372581,
27.9999,0.373774,27.9999,0.376388,27.9999,0.380887,27.9999,0.391396,27.9999,0.373702,
28.5,0.375773,28.5,0.378297,28.5,0.382068,28.5,0.392949,28.5,0.375225,
28.9999,0.376098,28.9999,0.379021,28.9999,0.382697,28.9999,0.394032,28.9999,0.376226,
29.5,0.377157,29.5,0.38145,29.5,0.384867,29.5,0.395991,29.5,0.37745,
29.9999,0.377503,29.9999,0.382358,29.9999,0.38599,29.9999,0.396124,29.9999,0.379025,
30.4999,0.378966,30.4999,0.383128,30.4999,0.386796,30.4999,0.397626,30.4999,0.38048,
30.9999,0.379569,30.9999,0.385897,30.9999,0.388308,30.9999,0.398783,30.9999,0.380892,
31.5,0.38148,31.5,0.385534,31.5,0.389167,31.5,0.399812,31.5,0.383184,
31.9999,0.382697,31.9999,0.386875,31.9999,0.39015,31.9999,0.399906,31.9999,0.382721,
32.4999,0.382993,32.4999,0.388085,32.4999,0.391609,32.4999,0.401463,32.4999,0.384596,
32.9999,0.383816,32.9999,0.388428,32.9999,0.392813,32.9999,0.402397,32.9999,0.384968,
33.5,0.386075,33.5,0.389699,33.5,0.392915,33.5,0.403255,33.5,0.386003,
34,0.385856,34,0.391129,34,0.393973,34,0.404217,34,0.386348,
34.4999,0.386168,34.4999,0.391857,34.4999,0.395313,34.4999,0.404991,34.4999,0.387449,
35,0.387747,35,0.392211,35,0.395211,35,0.404805,35,0.388665,
35.4999,0.389074,35.4999,0.393489,35.4999,0.397136,35.4999,0.406913,35.4999,0.388785,
36,0.389477,36,0.39428,36,0.398507,36,0.406876,36,0.389373,
36.4999,0.389848,36.4999,0.394996,36.4999,0.398758,36.4999,0.408009,36.4999,0.390586,
36.9999,0.389867,36.9999,0.396029,36.9999,0.399166,36.9999,0.408128,36.9999,0.390854,
37.5,0.390892,37.5,0.397239,37.5,0.400144,37.5,0.40986,37.5,0.392604,
38,0.392226,38,0.398092,38,0.400807,38,0.410225,38,0.391819,
38.4999,0.392991,38.4999,0.399277,38.4999,0.401686,38.4999,0.410627,38.4999,0.393934,
38.9999,0.394062,38.9999,0.398753,38.9999,0.402635,38.9999,0.410295,38.9999,0.394635,
39.4999,0.395377,39.4999,0.400235,39.4999,0.402711,39.4999,0.411424,39.4999,0.395787,
39.9999,0.395662,39.9999,0.40058,39.9999,0.403808,39.9999,0.41313,39.9999,0.395395,
40.5,0.394801,40.5,0.402243,40.5,0.405075,40.5,0.413057,40.5,0.396656,
41,0.396216,41,0.402343,41,0.406117,41,0.414244,41,0.397771,
41.4999,0.396722,41.4999,0.402635,41.4999,0.404848,41.4999,0.414988,41.4999,0.397131,
42,0.397519,42,0.403301,42,0.406135,42,0.416033,42,0.398122,
42.5,0.398313,42.5,0.403558,42.5,0.407827,42.5,0.41507,42.5,0.397808,
42.9999,0.399527,42.9999,0.405226,42.9999,0.407612,42.9999,0.417104,42.9999,0.399169,
43.4999,0.400983,43.4999,0.405684,43.4999,0.409047,43.4999,0.416787,43.4999,0.399692,
43.9999,0.400636,43.9999,0.405937,43.9999,0.408291,43.9999,0.417297,43.9999,0.400527,
44.4999,0.401802,44.4999,0.406917,44.4999,0.410207,44.4999,0.418959,44.4999,0.400635,
44.9999,0.402472,44.9999,0.406455,44.9999,0.410319,44.9999,0.41966,44.9999,0.402199,
45.4999,0.403628,45.4999,0.407709,45.4999,0.410215,45.4999,0.419216,45.4999,0.401457,
45.9999,0.402399,45.9999,0.409173,45.9999,0.412025,45.9999,0.418596,45.9999,0.403004,
46.5,0.403505,46.5,0.407936,46.5,0.41295,46.5,0.420417,46.5,0.403319,
46.9999,0.403775,46.9999,0.410184,46.9999,0.412794,46.9999,0.420829,46.9999,0.403366,
47.4999,0.404446,47.4999,0.409929,47.4999,0.413787,47.4999,0.421365,47.4999,0.403997,
48,0.404566,48,0.411479,48,0.413295,48,0.422448,48,0.403658,
48.4999,0.405722,48.4999,0.411061,48.4999,0.414753,48.4999,0.423148,48.4999,0.405398,
49,0.405959,49,0.412075,49,0.415151,49,0.423114,49,0.405984,
49.5,0.406453,49.5,0.410487,49.5,0.416833,49.5,0.42367,49.5,0.40737,
50,0.406984,50,0.412444,50,0.417152,50,0.424351,50,0.406898,
50.4999,0.408316,50.4999,0.413273,50.4999,0.418252,50.4999,0.423848,50.4999,0.406915,
50.9999,0.408819,50.9999,0.413457,50.9999,0.417935,50.9999,0.425407,50.9999,0.408636,
51.5,0.409283,51.5,0.413715,51.5,0.416877,51.5,0.425594,51.5,0.409032,
51.9999,0.409734,51.9999,0.413774,51.9999,0.418569,51.9999,0.426087,51.9999,0.408774,
52.4999,0.409799,52.4999,0.415448,52.4999,0.418514,52.4999,0.427237,52.4999,0.409579,
53,0.411337,53,0.41663,53,0.418832,53,0.426433,53,0.410081,
53.4999,0.412565,53.4999,0.417276,53.4999,0.420799,53.4999,0.427975,53.4999,0.410728,
53.9999,0.411505,53.9999,0.416907,53.9999,0.421213,53.9999,0.427623,53.9999,0.41117,
54.5,0.411813,54.5,0.417097,54.5,0.420539,54.5,0.428689,54.5,0.411067,
55,0.413453,55,0.417564,55,0.421855,55,0.428289,55,0.411598,
55.4999,0.412932,55.4999,0.417835,55.4999,0.422793,55.4999,0.429728,55.4999,0.412306,
55.9999,0.414582,55.9999,0.418467,55.9999,0.422446,55.9999,0.429701,55.9999,0.413644,
56.5,0.414169,56.5,0.419147,56.5,0.422167,56.5,0.430182,56.5,0.413037,
56.9999,0.415266,56.9999,0.419689,56.9999,0.42489,56.9999,0.430762,56.9999,0.41382,
57.4999,0.416607,57.4999,0.420038,57.4999,0.424392,57.4999,0.431966,57.4999,0.415319,
58,0.416064,58,0.420521,58,0.424755,58,0.431776,58,0.414066,
58.4999,0.417293,58.4999,0.421532,58.4999,0.424672,58.4999,0.431562,58.4999,0.415403,
59,0.417055,59,0.421292,59,0.425669,59,0.43143,59,0.416285,
59.4999,0.417361,59.4999,0.422192,59.4999,0.425429,59.4999,0.433567,59.4999,0.41682,
59.9999,0.418025,59.9999,0.422736,59.9999,0.426267,59.9999,0.432403,59.9999,0.418216,
60.5,0.418804,60.5,0.423645,60.5,0.427185,60.5,0.434097,60.5,0.417558,
60.9999,0.418264,60.9999,0.423748,60.9999,0.427209,60.9999,0.434545,60.9999,0.417578,
61.4999,0.418389,61.4999,0.42386,61.4999,0.428941,61.4999,0.435148,61.4999,0.418236,
61.9999,0.419613,61.9999,0.425411,61.9999,0.428001,61.9999,0.435426,61.9999,0.418297,
62.5,0.420717,62.5,0.42444,62.5,0.429711,62.5,0.436506,62.5,0.419813,
63,0.420668,63,0.424352,63,0.429805,63,0.435527,63,0.418444,
63.5,0.420601,63.5,0.426055,63.5,0.430146,63.5,0.435826,63.5,0.419405,
63.9999,0.420967,63.9999,0.426052,63.9999,0.430139,63.9999,0.436809,63.9999,0.419998,
64.4999,0.422648,64.4999,0.42688,64.4999,0.430354,64.4999,0.438012,64.4999,0.420322,
64.9999,0.422195,64.9999,0.426885,64.9999,0.431287,64.9999,0.438362,64.9999,0.420877,
65.5,0.422112,65.5,0.425921,65.5,0.433486,65.5,0.437736,65.5,0.421787,
66,0.42323,66,0.427239,66,0.431811,66,0.438489,66,0.422797,
66.4999,0.424322,66.4999,0.427785,66.4999,0.433465,66.4999,0.438321,66.4999,0.423428,
66.9999,0.424773,66.9999,0.428501,66.9999,0.432877,66.9999,0.439111,66.9999,0.42283,
67.4999,0.423423,67.4999,0.429667,67.4999,0.43343,67.4999,0.439631,67.4999,0.423311,
68,0.425479,68,0.429939,68,0.434263,68,0.440261,68,0.423503,
68.5,0.425104,68.5,0.428976,68.5,0.435586,68.5,0.439585,68.5,0.425146,
68.9999,0.426513,68.9999,0.430168,68.9999,0.43511,68.9999,0.440906,68.9999,0.424472,
69.4999,0.426245,69.4999,0.430671,69.4999,0.435138,69.4999,0.442679,69.4999,0.424411,
69.9999,0.426903,69.9999,0.43014,69.9999,0.436648,69.9999,0.440628,69.9999,0.42605,
70.5,0.426721,70.5,0.431547,70.5,0.437024,70.5,0.442299,70.5,0.425951,
71,0.428239,71,0.431504,71,0.436356,71,0.443067,71,0.425696,
71.5,0.42861,71.5,0.431772,71.5,0.437783,71.5,0.443044,71.5,0.425587,
71.9999,0.429255,71.9999,0.433292,71.9999,0.438041,71.9999,0.443072,71.9999,0.427378,
72.5,0.428848,72.5,0.433662,72.5,0.438389,72.5,0.444266,72.5,0.42887,
72.9999,0.429113,72.9999,0.434103,72.9999,0.438558,72.9999,0.443652,72.9999,0.42872,
73.4999,0.430018,73.4999,0.433842,73.4999,0.440451,73.4999,0.443301,73.4999,0.42755,
73.9999,0.431732,73.9999,0.434703,73.9999,0.439546,73.9999,0.444639,73.9999,0.428403,
74.5,0.431518,74.5,0.434509,74.5,0.439846,74.5,0.444708,74.5,0.428395,
74.9999,0.430702,74.9999,0.434676,74.9999,0.440026,74.9999,0.445439,74.9999,0.430294,
75.5,0.431032,75.5,0.436766,75.5,0.43959,75.5,0.445713,75.5,0.430304,
76,0.431236,76,0.435829,76,0.442549,76,0.446073,76,0.430117,
76.5,0.43242,76.5,0.436047,76.5,0.440569,76.5,0.446457,76.5,0.430742,
76.9999,0.432764,76.9999,0.437356,76.9999,0.442177,76.9999,0.447027,76.9999,0.430914,
77.4999,0.434007,77.4999,0.438084,77.4999,0.441954,77.4999,0.447199,77.4999,0.431252,
77.9999,0.432956,77.9999,0.438432,77.9999,0.443063,77.9999,0.447985,77.9999,0.433352,
78.5,0.434583,78.5,0.438537,78.5,0.443842,78.5,0.448707,78.5,0.43329,
78.9999,0.434681,78.9999,0.437606,78.9999,0.443556,78.9999,0.449309,78.9999,0.432201,
79.4999,0.433892,79.4999,0.439156,79.4999,0.444595,79.4999,0.449267,79.4999,0.433877,
79.9999,0.435191,79.9999,0.438528,79.9999,0.445195,79.9999,0.448745,79.9999,0.434494,
80.5,0.435942,80.5,0.438253,80.5,0.445113,80.5,0.449603,80.5,0.434414,
80.9999,0.436538,80.9999,0.441389,80.9999,0.445206,80.9999,0.449348,80.9999,0.434989,
81.4999,0.436514,81.4999,0.440204,81.4999,0.445927,81.4999,0.449981,81.4999,0.43526,
81.9999,0.436875,81.9999,0.440931,81.9999,0.446607,81.9999,0.45175,81.9999,0.435055,
82.4999,0.437834,82.4999,0.440724,82.4999,0.446255,82.4999,0.451137,82.4999,0.437165,
82.9999,0.438302,82.9999,0.441167,82.9999,0.4474,82.9999,0.4514,82.9999,0.437023,
83.5,0.437999,83.5,0.443165,83.5,0.446912,83.5,0.45237,83.5,0.436396,
83.9999,0.438445,83.9999,0.4437,83.9999,0.447457,83.9999,0.452546,83.9999,0.437042,
84.4999,0.4393,84.4999,0.444864,84.4999,0.447732,84.4999,0.451999,84.4999,0.437521,
84.9999,0.438444,84.9999,0.443849,84.9999,0.448863,84.9999,0.452473,84.9999,0.438477,
85.4999,0.440387,85.4999,0.443954,85.4999,0.448515,85.4999,0.453128,85.4999,0.438426,
85.9999,0.439144,85.9999,0.444283,85.9999,0.449486,85.9999,0.454683,85.9999,0.438784,
86.5,0.441073,86.5,0.445269,86.5,0.449854,86.5,0.454101,86.5,0.439291,
87,0.440798,87,0.444895,87,0.451058,87,0.452762,87,0.439565,
87.5,0.441781,87.5,0.444441,87.5,0.449906,87.5,0.455048,87.5,0.439049,
87.9999,0.441856,87.9999,0.445108,87.9999,0.450474,87.9999,0.45512,87.9999,0.440076,
88.4999,0.441665,88.4999,0.4453,88.4999,0.452225,88.4999,0.455721,88.4999,0.439656,
88.9999,0.442661,88.9999,0.446457,88.9999,0.451313,88.9999,0.45606,88.9999,0.440929,
89.4999,0.443262,89.4999,0.447116,89.4999,0.452378,89.4999,0.456837,89.4999,0.441767,
89.9999,0.444656,89.9999,0.447322,89.9999,0.452223,89.9999,0.456232,89.9999,0.441689,
90.4999,0.443952,90.4999,0.448601,90.4999,0.453666,90.4999,0.455566,90.4999,0.443254,
90.9999,0.444214,90.9999,0.44766,90.9999,0.45252,90.9999,0.456608,90.9999,0.442581,
91.4999,0.445149,91.4999,0.448908,91.4999,0.453581,91.4999,0.457831,91.4999,0.442937,
91.9999,0.44413,91.9999,0.44933,91.9999,0.453925,91.9999,0.458156,91.9999,0.443745,
92.5,0.446089,92.5,0.448376,92.5,0.454826,92.5,0.458238,92.5,0.444161,
93,0.446652,93,0.449417,93,0.453685,93,0.458764,93,0.444846,
93.4999,0.445705,93.4999,0.449914,93.4999,0.455749,93.4999,0.459109,93.4999,0.4435,
93.9999,0.445199,93.9999,0.451517,93.9999,0.455035,93.9999,0.458717,93.9999,0.444897,
94.4999,0.446916,94.4999,0.451596,94.4999,0.455265,94.4999,0.459682,94.4999,0.444533,
94.9999,0.447719,94.9999,0.451178,94.9999,0.457505,94.9999,0.459728,94.9999,0.445038,
95.4999,0.448325,95.4999,0.45216,95.4999,0.457165,95.4999,0.460831,95.4999,0.4463,
95.9999,0.447368,95.9999,0.452181,95.9999,0.456967,95.9999,0.461334,95.9999,0.447496,
96.4999,0.448903,96.4999,0.451946,96.4999,0.457162,96.4999,0.459946,96.4999,0.447145,
96.9999,0.450514,96.9999,0.452139,96.9999,0.458125,96.9999,0.46213,96.9999,0.445642,
97.5,0.450267,97.5,0.453179,97.5,0.459108,97.5,0.461094,97.5,0.447449,
97.9999,0.450162,97.9999,0.453994,97.9999,0.458625,97.9999,0.461441,97.9999,0.448043,
98.5,0.45133,98.5,0.453867,98.5,0.459279,98.5,0.462728,98.5,0.449394,
99,0.450785,99,0.454182,99,0.459679,99,0.463146,99,0.449102,
99.4999,0.45149,99.4999,0.454427,99.4999,0.461901,99.4999,0.463639,99.4999,0.448833,
99.9999,0.450431,99.9999,0.455809,99.9999,0.460748,99.9999,0.463224,99.9999,0.450965,
100.5,0.452607,100.5,0.455072,100.5,0.460891,100.5,0.463602,100.5,0.449477,
101,0.453639,101,0.456293,101,0.461754,101,0.46434,101,0.450823,
101.5,0.452242,101.5,0.457064,101.5,0.461448,101.5,0.464009,101.5,0.451159,
102,0.454124,102,0.45835,102,0.461773,102,0.464933,102,0.451486,
102.5,0.452994,102.5,0.457088,102.5,0.462824,102.5,0.465021,102.5,0.451671,
103,0.453507,103,0.458149,103,0.462013,103,0.465492,103,0.452675,
103.5,0.454183,103.5,0.459456,103.5,0.464012,103.5,0.466135,103.5,0.452817,
104,0.454675,104,0.459083,104,0.463628,104,0.466201,104,0.454044,
104.5,0.456701,104.5,0.45912,104.5,0.463104,104.5,0.467461,104.5,0.453391,
105,0.455165,105,0.459241,105,0.463388,105,0.467463,105,0.453123,
105.5,0.457039,105.5,0.45932,105.5,0.465532,105.5,0.467403,105.5,0.454375,
106,0.457037,106,0.460345,106,0.46556,106,0.467865,106,0.454361,
106.5,0.457555,106.5,0.460914,106.5,0.465934,106.5,0.46861,106.5,0.454641,
107,0.457606,107,0.460991,107,0.464892,107,0.468706,107,0.454532,
107.5,0.458167,107.5,0.460822,107.5,0.467025,107.5,0.468822,107.5,0.455577,
108,0.457638,108,0.461099,108,0.467284,108,0.469735,108,0.455681,
108.5,0.458735,108.5,0.462072,108.5,0.467981,108.5,0.469244,108.5,0.457677,
109,0.458351,109,0.461262,109,0.468146,109,0.469106,109,0.456481,
109.5,0.459354,109.5,0.461698,109.5,0.467287,109.5,0.470405,109.5,0.456617,
110,0.459287,110,0.463135,110,0.468506,110,0.470141,110,0.457561,
110.5,0.459886,110.5,0.463276,110.5,0.469345,110.5,0.47117,110.5,0.456806,
111,0.461223,111,0.463012,111,0.469638,111,0.470734,111,0.458917,
111.5,0.458997,111.5,0.464416,111.5,0.470047,111.5,0.471246,111.5,0.457919,
112,0.462032,112,0.463214,112,0.470435,112,0.472057,112,0.459673,
112.5,0.461139,112.5,0.465124,112.5,0.469772,112.5,0.472317,112.5,0.459166,
113,0.462479,113,0.465382,113,0.471557,113,0.472653,113,0.459826,
113.5,0.46207,113.5,0.465709,113.5,0.471014,113.5,0.472488,113.5,0.460463,
114,0.463026,114,0.465845,114,0.472518,114,0.473729,114,0.460729,
114.5,0.462937,114.5,0.466641,114.5,0.473262,114.5,0.473381,114.5,0.460639,
115,0.462989,115,0.467511,115,0.473005,115,0.473988,115,0.46119,
115.5,0.464548,115.5,0.468602,115.5,0.47344,115.5,0.47461,115.5,0.46286,
116,0.463929,116,0.467957,116,0.473623,116,0.474354,116,0.462606,
116.5,0.465415,116.5,0.467688,116.5,0.475244,116.5,0.474881,116.5,0.46341,
117,0.465318,117,0.468124,117,0.474264,117,0.475488,117,0.463329,
117.5,0.46605,117.5,0.467598,117.5,0.474423,117.5,0.476655,117.5,0.464997,
118,0.467104,118,0.469317,118,0.474917,118,0.475247,118,0.465287,
118.5,0.467124,118.5,0.47132,118.5,0.47635,118.5,0.476108,118.5,0.464546,
119,0.466169,119,0.470327,119,0.476093,119,0.477033,119,0.465197,
119.5,0.466998,119.5,0.470245,119.5,0.476999,119.5,0.476883,119.5,0.466392,
120,0.46795,120,0.470891,120,0.475378,120,0.477995,120,0.465918,
120.5,0.468347,120.5,0.47154,120.5,0.477036,120.5,0.478072,120.5,0.466368,
121,0.469444,121,0.471685,121,0.47814,121,0.478368,121,0.466094,
121.5,0.469143,121.5,0.472952,121.5,0.477585,121.5,0.477979,121.5,0.467804,
122,0.46935,122,0.473807,122,0.478105,122,0.477859,122,0.468053,
122.5,0.470297,122.5,0.47196,122.5,0.477841,122.5,0.479867,122.5,0.467463,
123,0.470108,123,0.47526,123,0.478598,123,0.479483,123,0.469051,
123.5,0.470809,123.5,0.473875,123.5,0.479749,123.5,0.480159,123.5,0.469239,
124,0.471739,124,0.473673,124,0.479677,124,0.481095,124,0.46925,
124.5,0.470753,124.5,0.475507,124.5,0.481274,124.5,0.480829,124.5,0.469237,
125,0.470653,125,0.475186,125,0.481034,125,0.481933,125,0.471669,
125.5,0.473592,125.5,0.474909,125.5,0.481849,125.5,0.48322,125.5,0.469698,
126,0.473591,126,0.475876,126,0.481575,126,0.483173,126,0.471822,
126.5,0.474683,126.5,0.476026,126.5,0.484163,126.5,0.48169,126.5,0.472901,
127,0.474677,127,0.47636,127,0.483325,127,0.482078,127,0.47162,
127.5,0.476058,127.5,0.476885,127.5,0.482764,127.5,0.483213,127.5,0.471259,
128,0.474935,128,0.47707,128,0.483421,128,0.483166,128,0.472582,
128.5,0.474389,128.5,0.478905,128.5,0.483859,128.5,0.483969,128.5,0.472526,
129,0.476022,129,0.479351,129,0.485189,129,0.485067,129,0.472346,
129.5,0.475586,129.5,0.479737,129.5,0.485262,129.5,0.484033,129.5,0.475619,
130,0.476869,130,0.480487,130,0.486397,130,0.484673,130,0.474179,
130.5,0.477206,130.5,0.479675,130.5,0.486282,130.5,0.486114,130.5,0.475188,
131,0.477599,131,0.481643,131,0.486766,131,0.485199,131,0.4757,
131.5,0.478741,131.5,0.480273,131.5,0.486088,131.5,0.486388,131.5,0.475438,
132,0.478687,132,0.481745,132,0.487989,132,0.487202,132,0.476523,
132.5,0.479544,132.5,0.48145,132.5,0.487706,132.5,0.486224,132.5,0.476444,
133,0.478474,133,0.482688,133,0.48795,133,0.486779,133,0.476976,
133.5,0.480085,133.5,0.483609,133.5,0.48944,133.5,0.488762,133.5,0.477772,
134,0.480157,134,0.484879,134,0.488626,134,0.487549,134,0.478599,
134.5,0.481601,134.5,0.483676,134.5,0.49037,134.5,0.488321,134.5,0.478679,
135,0.48267,135,0.484231,135,0.490292,135,0.489725,135,0.479867,
135.5,0.482081,135.5,0.48465,135.5,0.491641,135.5,0.489912,135.5,0.478855,
136,0.483337,136,0.485708,136,0.491419,136,0.490044,136,0.480499,
136.5,0.48352,136.5,0.484251,136.5,0.491865,136.5,0.490257,136.5,0.479994,
137,0.484963,137,0.486978,137,0.492281,137,0.491357,137,0.481907,
137.5,0.483573,137.5,0.486301,137.5,0.492513,137.5,0.491122,137.5,0.481046,
138,0.484965,138,0.488179,138,0.492971,138,0.491575,138,0.480529,
138.5,0.484618,138.5,0.487825,138.5,0.493777,138.5,0.491574,138.5,0.482859,
139,0.484701,139,0.488763,139,0.493844,139,0.49307,139,0.482361,
139.5,0.486239,139.5,0.488866,139.5,0.493551,139.5,0.493486,139.5,0.482527,
140,0.486169,140,0.488205,140,0.494924,140,0.492465,140,0.484432,
140.5,0.486911,140.5,0.488538,140.5,0.49647,140.5,0.493156,140.5,0.483977,
141,0.487399,141,0.488942,141,0.495303,141,0.493551,141,0.483838,
141.5,0.487174,141.5,0.489936,141.5,0.495306,141.5,0.493668,141.5,0.485273,
142,0.488202,142,0.490385,142,0.49673,142,0.494724,142,0.485693,
142.5,0.488592,142.5,0.491276,142.5,0.497947,142.5,0.495913,142.5,0.48651,
143,0.48946,143,0.491895,143,0.497722,143,0.495063,143,0.486492,
143.5,0.49119,143.5,0.49226,143.5,0.49778,143.5,0.49648,143.5,0.486338,
144,0.490866,144,0.492816,144,0.498051,144,0.496116,144,0.487319,
144.5,0.490724,144.5,0.494443,144.5,0.500189,144.5,0.497918,144.5,0.488044,
145,0.490571,145,0.494226,145,0.499752,145,0.499147,145,0.488796,
145.5,0.493067,145.5,0.495109,145.5,0.499783,145.5,0.497711,145.5,0.489154,
146,0.492302,146,0.494826,146,0.501329,146,0.498182,146,0.490767,
146.5,0.493112,146.5,0.494877,146.5,0.502043,146.5,0.497897,146.5,0.490632,
147,0.494122,147,0.495583,147,0.502313,147,0.499867,147,0.49047,
147.5,0.492891,147.5,0.498793,147.5,0.503646,147.5,0.499815,147.5,0.493028,
148,0.494376,148,0.497041,148,0.502675,148,0.499214,148,0.491516,
148.5,0.495197,148.5,0.496977,148.5,0.503779,148.5,0.502165,148.5,0.49267,
149,0.496903,149,0.497981,149,0.503278,149,0.500513,149,0.492941,
149.5,0.494798,149.5,0.499539,149.5,0.504211,149.5,0.500969,149.5,0.494378,
150,0.49831,150,0.500543,150,0.505242,150,0.501785,150,0.494447,
150.5,0.496816,150.5,0.501198,150.5,0.505851,150.5,0.502343,150.5,0.494843,
151,0.498837,151,0.501187,151,0.50659,151,0.502747,151,0.496,
151.5,0.498456,151.5,0.502331,151.5,0.506768,151.5,0.503882,151.5,0.49607,
152,0.499629,152,0.501716,152,0.508469,152,0.504804,152,0.496763,
152.5,0.499828,152.5,0.503161,152.5,0.508047,152.5,0.503993,152.5,0.497185,
153,0.501036,153,0.502675,153,0.509364,153,0.50611,153,0.497114,
153.5,0.501051,153.5,0.504505,153.5,0.509202,153.5,0.506495,153.5,0.499377,
154,0.503266,154,0.503595,154,0.510187,154,0.504751,154,0.498379,
154.5,0.50183,154.5,0.505552,154.5,0.510098,154.5,0.506989,154.5,0.49876,
155,0.502697,155,0.506702,155,0.512263,155,0.504898,155,0.499735,
155.5,0.503823,155.5,0.506052,155.5,0.511821,155.5,0.509331,155.5,0.501767,
156,0.505089,156,0.50818,156,0.512745,156,0.507728,156,0.500251,
156.5,0.506616,156.5,0.508115,156.5,0.513127,156.5,0.510309,156.5,0.502193,
157,0.506054,157,0.507794,157,0.51219,157,0.508036,157,0.504281,
157.5,0.505394,157.5,0.509102,157.5,0.51489,157.5,0.509565,157.5,0.503887,
158,0.506491,158,0.509602,158,0.51502,158,0.509416,158,0.505161,
158.5,0.508405,158.5,0.50936,158.5,0.515087,158.5,0.511834,158.5,0.504946,
159,0.509032,159,0.510686,159,0.518019,159,0.511506,159,0.506234,
159.5,0.509353,159.5,0.511583,159.5,0.518662,159.5,0.512267,159.5,0.506515,
160,0.509659,160,0.512996,160,0.517671,160,0.512235,160,0.507538,
160.5,0.511293,160.5,0.513273,160.5,0.519294,160.5,0.513631,160.5,0.507371,
161,0.51096,161,0.514816,161,0.519669,161,0.513232,161,0.508727,
161.5,0.512903,161.5,0.512494,161.5,0.521098,161.5,0.514854,161.5,0.508984,
162,0.512987,162,0.515295,162,0.521752,162,0.515067,162,0.510861,
162.5,0.513427,162.5,0.516842,162.5,0.521773,162.5,0.516343,162.5,0.5092,
163,0.513694,163,0.517172,163,0.5225,163,0.515758,163,0.509698,
163.5,0.514258,163.5,0.517896,163.5,0.524195,163.5,0.51634,163.5,0.512895,
164,0.515405,164,0.517214,164,0.524087,164,0.517564,164,0.513826,
164.5,0.515669,164.5,0.519978,164.5,0.526253,164.5,0.518426,164.5,0.513515,
165,0.518787,165,0.518808,165,0.525035,165,0.519106,165,0.514089,
165.5,0.517474,165.5,0.521449,165.5,0.528178,165.5,0.518795,165.5,0.515452,
166,0.519379,166,0.521705,166,0.527239,166,0.519759,166,0.515909,
166.5,0.520762,166.5,0.523838,166.5,0.527616,166.5,0.521297,166.5,0.517581,
167,0.521576,167,0.522136,167,0.529154,167,0.522685,167,0.518244,
167.5,0.522709,167.5,0.524583,167.5,0.530779,167.5,0.519837,167.5,0.520218,
168,0.521765,168,0.524412,168,0.530574,168,0.522822,168,0.521191,
168.5,0.525568,168.5,0.525407,168.5,0.531191,168.5,0.522879,168.5,0.520177,
169,0.524266,169,0.527086,169,0.532815,169,0.524251,169,0.522146,
169.5,0.525543,169.5,0.527275,169.5,0.533511,169.5,0.525247,169.5,0.523111,
170,0.526239,170,0.52918,170,0.534949,170,0.526515,170,0.522588,
170.5,0.527198,170.5,0.52833,170.5,0.535911,170.5,0.527887,170.5,0.523482,
171,0.528,171,0.528893,171,0.536445,171,0.527505,171,0.525226,
171.5,0.528996,171.5,0.530439,171.5,0.53707,171.5,0.526874,171.5,0.525949,
172,0.530432,172,0.532993,172,0.539302,172,0.529593,172,0.526341,
172.5,0.530934,172.5,0.534076,172.5,0.540497,172.5,0.530359,172.5,0.526972,
173,0.532127,173,0.534355,173,0.541682,173,0.531269,173,0.52837,
173.5,0.533792,173.5,0.535477,173.5,0.540636,173.5,0.531044,173.5,0.528769,
174,0.533276,174,0.535708,174,0.542454,174,0.532006,174,0.531949,
174.5,0.533022,174.5,0.535804,174.5,0.543364,174.5,0.532077,174.5,0.531889,
175,0.535938,175,0.537516,175,0.543393,175,0.533808,175,0.532686,
175.5,0.536246,175.5,0.538804,175.5,0.546677,175.5,0.532813,175.5,0.534698,
176,0.536971,176,0.541625,176,0.546856,176,0.535244,176,0.533661,
176.5,0.538656,176.5,0.540478,176.5,0.547497,176.5,0.536464,176.5,0.535615,
177,0.538873,177,0.542577,177,0.548036,177,0.536143,177,0.538527,
177.5,0.540538,177.5,0.542876,177.5,0.548629,177.5,0.537431,177.5,0.537773,
178,0.541752,178,0.543772,178,0.552292,178,0.537396,178,0.5415,
178.5,0.544215,178.5,0.547488,178.5,0.550994,178.5,0.539734,178.5,0.539405,
179,0.542522,179,0.548025,179,0.554052,179,0.541305,179,0.541021,
179.5,0.545818,179.5,0.547547,179.5,0.554807,179.5,0.539705,179.5,0.542397,
180,0.547481,180,0.548653,180,0.555192,180,0.541765,180,0.543712,
180.5,0.548137,180.5,0.549663,180.5,0.554849,180.5,0.544049,180.5,0.544997,
181,0.549255,181,0.551983,181,0.557784,181,0.545231,181,0.546243,
181.5,0.550864,181.5,0.551981,181.5,0.55777,181.5,0.543662,181.5,0.546465,
182,0.550263,182,0.553164,182,0.561402,182,0.545861,182,0.54857,
182.5,0.553543,182.5,0.554273,182.5,0.56163,182.5,0.546629,182.5,0.548748,
183,0.554503,183,0.556027,183,0.561733,183,0.546625,183,0.549934,
183.5,0.553275,183.5,0.558228,183.5,0.564093,183.5,0.548517,183.5,0.552613,
184,0.554357,184,0.556856,184,0.56503,184,0.549122,184,0.553504,
184.5,0.557707,184.5,0.559277,184.5,0.564173,184.5,0.54879,184.5,0.554084,
185,0.560104,185,0.560801,185,0.569293,185,0.550335,185,0.554855,
185.5,0.55801,185.5,0.562905,185.5,0.568536,185.5,0.551787,185.5,0.557134,
186,0.56033,186,0.563341,186,0.570668,186,0.551962,186,0.557117,
186.5,0.561847,186.5,0.564955,186.5,0.571233,186.5,0.552547,186.5,0.558227,
187,0.563891,187,0.566498,187,0.571349,187,0.555458,187,0.560243,
187.5,0.563031,187.5,0.568616,187.5,0.57379,187.5,0.555267,187.5,0.560753,
188,0.564722,188,0.566764,188,0.574998,188,0.555676,188,0.562369,
188.5,0.56766,188.5,0.569836,188.5,0.576532,188.5,0.556824,188.5,0.562231,
189,0.567573,189,0.570646,189,0.574523,189,0.557369,189,0.565072,
189.5,0.57056,189.5,0.572778,189.5,0.576372,189.5,0.560014,189.5,0.566725,
190,0.569789,190,0.57338,190,0.58045,190,0.560658,190,0.567405,
190.5,0.572748,190.5,0.575846,190.5,0.578596,190.5,0.561684,190.5,0.568032,
191,0.57264,191,0.575933,191,0.581694,191,0.561712,191,0.570049,
191.5,0.573204,191.5,0.575907,191.5,0.582195,191.5,0.561435,191.5,0.571324,
192,0.574972,192,0.578618,192,0.584591,192,0.563313,192,0.571654,
192.5,0.577322,192.5,0.578778,192.5,0.584638,192.5,0.563182,192.5,0.573769,
193,0.578034,193,0.580311,193,0.588226,193,0.565246,193,0.572738,
193.5,0.579063,193.5,0.583372,193.5,0.588897,193.5,0.565478,193.5,0.57394,
194,0.580273,194,0.584207,194,0.589302,194,0.568002,194,0.576513,
194.5,0.581645,194.5,0.586319,194.5,0.589738,194.5,0.568437,194.5,0.577498,
195,0.584687,195,0.588207,195,0.593543,195,0.569236,195,0.579714,
195.5,0.585397,195.5,0.586052,195.5,0.593745,195.5,0.571121,195.5,0.581404,
196,0.584825,196,0.588078,196,0.594437,196,0.571051,196,0.582782,
196.5,0.586273,196.5,0.589081,196.5,0.596341,196.5,0.57288,196.5,0.584206,
197,0.586387,197,0.592206,197,0.598217,197,0.573285,197,0.584961,
197.5,0.588824,197.5,0.593792,197.5,0.598752,197.5,0.573695,197.5,0.585469,
198,0.589833,198,0.593149,198,0.600596,198,0.574422,198,0.587103,
198.5,0.593185,198.5,0.595943,198.5,0.602839,198.5,0.575846,198.5,0.587834,
199,0.592995,199,0.596589,199,0.606295,199,0.578193,199,0.591248,
199.5,0.595814,199.5,0.59921,199.5,0.605989,199.5,0.577207,199.5,0.591911,
200,0.59652,200,0.600916,200,0.6067,200,0.578131,200,0.591538,
200.5,0.597813,200.5,0.602338,200.5,0.608687,200.5,0.580765,200.5,0.592028,
201,0.600356,201,0.604709,201,0.609247,201,0.57904,201,0.595351,
201.5,0.599932,201.5,0.604048,201.5,0.608905,201.5,0.5809,201.5,0.596759,
202,0.601683,202,0.604939,202,0.612724,202,0.581394,202,0.59839,
202.5,0.602431,202.5,0.606424,202.5,0.612314,202.5,0.585308,202.5,0.597499,
203,0.60508,203,0.609343,203,0.614905,203,0.584142,203,0.599994,
203.5,0.605984,203.5,0.611417,203.5,0.617226,203.5,0.586409,203.5,0.602482,
204,0.607719,204,0.610407,204,0.617292,204,0.588824,204,0.60385,
204.5,0.607959,204.5,0.613025,204.5,0.619027,204.5,0.587441,204.5,0.604327,
205,0.610684,205,0.614187,205,0.61939,205,0.589876,205,0.604823,
205.5,0.613256,205.5,0.614583,205.5,0.620737,205.5,0.589301,205.5,0.60787,
206,0.61377,206,0.61679,206,0.622065,206,0.591322,206,0.606782,
206.5,0.613911,206.5,0.616731,206.5,0.623544,206.5,0.591064,206.5,0.608443,
207,0.614846,207,0.61834,207,0.625789,207,0.593878,207,0.610015,
207.5,0.616651,207.5,0.620126,207.5,0.626459,207.5,0.595065,207.5,0.613755,
208,0.617974,208,0.623868,208,0.627044,208,0.594738,208,0.61282,
208.5,0.620154,208.5,0.624045,208.5,0.629185,208.5,0.596169,208.5,0.613635,
209,0.62222,209,0.6232,209,0.631378,209,0.59858,209,0.615718,
209.5,0.623818,209.5,0.62666,209.5,0.632568,209.5,0.597877,209.5,0.617054,
210,0.621631,210,0.625794,210,0.634994,210,0.597033,210,0.617672,
210.5,0.626559,210.5,0.62919,210.5,0.633566,210.5,0.598483,210.5,0.617872,
211,0.626386,211,0.630133,211,0.637538,211,0.601214,211,0.619059,
211.5,0.627209,211.5,0.631274,211.5,0.637418,211.5,0.601396,211.5,0.623189,
212,0.629601,212,0.632219,212,0.638468,212,0.603538,212,0.623116,
212.5,0.631243,212.5,0.634103,212.5,0.640293,212.5,0.603049,212.5,0.624738,
213,0.632465,213,0.635792,213,0.641981,213,0.603689,213,0.626753,
213.5,0.634173,213.5,0.635911,213.5,0.64341,213.5,0.606447,213.5,0.628809,
214,0.635199,214,0.640483,214,0.643993,214,0.607551,214,0.629405,
214.5,0.634786,214.5,0.639515,214.5,0.646998,214.5,0.608848,214.5,0.629968,
215,0.636714,215,0.641921,215,0.647126,215,0.608261,215,0.633331,
215.5,0.636764,215.5,0.641727,215.5,0.647823,215.5,0.609621,215.5,0.633145,
216,0.639312,216,0.642011,216,0.649354,216,0.612354,216,0.633727,
216.5,0.64066,216.5,0.644993,216.5,0.651669,216.5,0.611016,216.5,0.634685,
217,0.642328,217,0.645876,217,0.651795,217,0.61354,217,0.63731,
217.5,0.643372,217.5,0.64789,217.5,0.654366,217.5,0.613744,217.5,0.638171,
218,0.64283,218,0.648801,218,0.655786,218,0.616219,218,0.638421,
218.5,0.645319,218.5,0.648335,218.5,0.656683,218.5,0.615922,218.5,0.638204,
219,0.646792,219,0.651183,219,0.658557,219,0.617309,219,0.640558,
219.5,0.648114,219.5,0.653168,219.5,0.657803,219.5,0.620221,219.5,0.641561,
220,0.648282,220,0.653104,220,0.659551,220,0.61898,220,0.645016,
220.5,0.651983,220.5,0.654242,220.5,0.661103,220.5,0.621192,220.5,0.644396,
221,0.652488,221,0.657396,221,0.663117,221,0.622435,221,0.646643,
221.5,0.652542,221.5,0.655283,221.5,0.662534,221.5,0.6218,221.5,0.64889,
222,0.655676,222,0.657803,222,0.666467,222,0.62313,222,0.648926,
222.5,0.654787,222.5,0.657712,222.5,0.665276,222.5,0.625996,222.5,0.650299,
223,0.657615,223,0.662302,223,0.665659,223,0.625288,223,0.650643,
223.5,0.658462,223.5,0.663331,223.5,0.669303,223.5,0.62673,223.5,0.650851,
224,0.659745,224,0.663589,224,0.669251,224,0.628063,224,0.6528,
224.5,0.660119,224.5,0.663871,224.5,0.672405,224.5,0.629469,224.5,0.652231,
225,0.663258,225,0.665407,225,0.673241,225,0.62989,225,0.655221,
225.5,0.663114,225.5,0.669164,225.5,0.672417,225.5,0.631247,225.5,0.655175,
226,0.661248,226,0.667325,226,0.673222,226,0.632687,226,0.656717,
226.5,0.665485,226.5,0.667779,226.5,0.676413,226.5,0.631637,226.5,0.660594,
227,0.667282,227,0.670354,227,0.676865,227,0.631806,227,0.659233,
227.5,0.667762,227.5,0.670247,227.5,0.677805,227.5,0.632363,227.5,0.659458,
228,0.668633,228,0.672271,228,0.678046,228,0.632696,228,0.662239,
228.5,0.670939,228.5,0.674937,228.5,0.681386,228.5,0.63343,228.5,0.66125,
229,0.670291,229,0.673099,229,0.683157,229,0.637752,229,0.664562,
229.5,0.672211,229.5,0.673202,229.5,0.681786,229.5,0.636472,229.5,0.667358,
230,0.674186,230,0.677979,230,0.683448,230,0.637156,230,0.665892,
230.5,0.675302,230.5,0.677465,230.5,0.685583,230.5,0.640116,230.5,0.667376,
231,0.673378,231,0.676955,231,0.684851,231,0.639589,231,0.667242,
231.5,0.677107,231.5,0.680325,231.5,0.686444,231.5,0.640059,231.5,0.670255,
232,0.677399,232,0.680486,232,0.68529,232,0.640516,232,0.672677,
232.5,0.678876,232.5,0.682023,232.5,0.689769,232.5,0.640492,232.5,0.673521,
233,0.681327,233,0.683974,233,0.69041,233,0.644357,233,0.671399,
233.5,0.681756,233.5,0.683854,233.5,0.693847,233.5,0.642492,233.5,0.673359,
234,0.681799,234,0.684997,234,0.692254,234,0.64424,234,0.675416,
234.5,0.684433,234.5,0.686286,234.5,0.69219,234.5,0.646529,234.5,0.677623,
235,0.685278,235,0.686806,235,0.696876,235,0.645625,235,0.676925,
235.5,0.688125,235.5,0.688167,235.5,0.697197,235.5,0.645514,235.5,0.676198,
236,0.68269,236,0.689163,236,0.694543,236,0.64519,236,0.677888,
236.5,0.687645,236.5,0.689704,236.5,0.697783,236.5,0.648641,236.5,0.679327,
237,0.686048,237,0.693874,237,0.700315,237,0.649677,237,0.681631,
237.5,0.691375,237.5,0.692235,237.5,0.699622,237.5,0.645847,237.5,0.68175,
238,0.691417,238,0.693623,238,0.70056,238,0.649288,238,0.685861,
238.5,0.690337,238.5,0.694591,238.5,0.700885,238.5,0.649197,238.5,0.684076,
239,0.693331,239,0.696352,239,0.703278,239,0.649409,239,0.685977,
239.5,0.695803,239.5,0.696691,239.5,0.704722,239.5,0.648807,239.5,0.687247,
240,0.694896,240,0.695681,240,0.705835,240,0.651762,240,0.687803,
240.5,0.69667,240.5,0.697352,240.5,0.707731,240.5,0.65266,240.5,0.687515,
241,0.697551,241,0.698768,241,0.707877,241,0.650453,241,0.690829,
241.5,0.697432,241.5,0.699913,241.5,0.70746,241.5,0.653759,241.5,0.690899,
242,0.700016,242,0.702283,242,0.709054,242,0.656185,242,0.692323,
242.5,0.700054,242.5,0.70226,242.5,0.710435,242.5,0.653373,242.5,0.692883,
243,0.700451,243,0.702689,243,0.711963,243,0.65363,243,0.693528,
243.5,0.70279,243.5,0.703439,243.5,0.71248,243.5,0.653784,243.5,0.694028,
244,0.698331,244,0.703082,244,0.714005,244,0.655467,244,0.696304,
244.5,0.704608,244.5,0.703135,244.5,0.715799,244.5,0.655011,244.5,0.697984,
245,0.704606,245,0.705981,245,0.715512,245,0.654719,245,0.69783,
245.5,0.706609,245.5,0.707122,245.5,0.716493,245.5,0.65816,245.5,0.698373,
246,0.707034,246,0.707257,246,0.719073,246,0.659824,246,0.69955,
246.5,0.706376,246.5,0.707368,246.5,0.717903,246.5,0.657308,246.5,0.701356,
247,0.71164,247,0.709516,247,0.719477,247,0.660445,247,0.700769,
247.5,0.710541,247.5,0.711465,247.5,0.721056,247.5,0.658806,247.5,0.702657,
248,0.711961,248,0.709607,248,0.722545,248,0.661249,248,0.703021,
248.5,0.711781,248.5,0.710279,248.5,0.722631,248.5,0.661845,248.5,0.70457,
249,0.713674,249,0.713482,249,0.723288,249,0.659597,249,0.704572,
249.5,0.712935,249.5,0.712465,249.5,0.727168,249.5,0.661866,249.5,0.707094,
250,0.713462,250,0.714369,250,0.724403,250,0.662301,250,0.704595,
250.5,0.714972,250.5,0.7155,250.5,0.727403,250.5,0.661007,250.5,0.705864,
251,0.717531,251,0.715121,251,0.728615,251,0.663353,251,0.709113,
251.5,0.716709,251.5,0.718512,251.5,0.729078,251.5,0.66108,251.5,0.71116,
252,0.717863,252,0.716824,252,0.72963,252,0.661179,252,0.712309,
252.5,0.719491,252.5,0.718697,252.5,0.730029,252.5,0.664219,252.5,0.711973,
253,0.718328,253,0.717064,253,0.733958,253,0.666076,253,0.713547,
253.5,0.721959,253.5,0.717263,253.5,0.733132,253.5,0.664685,253.5,0.714103,
254,0.721368,254,0.720421,254,0.733576,254,0.665609,254,0.713675,
254.5,0.722883,254.5,0.720549,254.5,0.734252,254.5,0.665052,254.5,0.714363,
255,0.725276,255,0.721214,255,0.733915,255,0.666312,255,0.715448,
255.5,0.723462,255.5,0.722872,255.5,0.737224,255.5,0.665423,255.5,0.715469,
256,0.725602,256,0.722678,256,0.733976,256,0.667163,256,0.719631,
256.5,0.726357,256.5,0.725842,256.5,0.739721,256.5,0.666077,256.5,0.719784,
257,0.728382,257,0.723334,257,0.739885,257,0.667301,257,0.720466,
257.5,0.72759,257.5,0.725502,257.5,0.739666,257.5,0.667318,257.5,0.720302,
258,0.730824,258,0.726483,258,0.740532,258,0.668269,258,0.720718,
258.5,0.730917,258.5,0.725349,258.5,0.741541,258.5,0.669614,258.5,0.723443,
259,0.731284,259,0.726277,259,0.744781,259,0.66905,259,0.723336,
259.5,0.731553,259.5,0.727652,259.5,0.741621,259.5,0.668427,259.5,0.722713,
260,0.732146,260,0.729488,260,0.743453,260,0.667833,260,0.725452,
260.5,0.73318,260.5,0.728188,260.5,0.746926,260.5,0.669234,260.5,0.726523,
261,0.73481,261,0.730399,261,0.746084,261,0.671525,261,0.725267,
261.5,0.734119,261.5,0.732686,261.5,0.748079,261.5,0.669851,261.5,0.727174,
262,0.735491,262,0.732423,262,0.749031,262,0.670897,262,0.729139,
262.5,0.73706,262.5,0.733525,262.5,0.74935,262.5,0.671521,262.5,0.731476,
263,0.737904,263,0.733034,263,0.750777,263,0.672069,263,0.732427,
263.5,0.739465,263.5,0.734871,263.5,0.752255,263.5,0.670835,263.5,0.730956,
264,0.740783,264,0.735135,264,0.753795,264,0.673805,264,0.73264,
264.5,0.742134,264.5,0.735906,264.5,0.755421,264.5,0.673965,264.5,0.733533,
265,0.739919,265,0.738724,265,0.755945,265,0.675063,265,0.734654,
265.5,0.740134,265.5,0.738144,265.5,0.754715,265.5,0.674342,265.5,0.735815,
266,0.743999,266,0.740168,266,0.757203,266,0.675093,266,0.737008,
266.5,0.745849,266.5,0.73945,266.5,0.757148,266.5,0.676888,266.5,0.736499,
267,0.748088,267,0.73973,267,0.760064,267,0.67819,267,0.738633,
267.5,0.746705,267.5,0.742599,267.5,0.758966,267.5,0.677769,267.5,0.740174,
268,0.749095,268,0.743254,268,0.762276,268,0.677852,268,0.741442,
268.5,0.748214,268.5,0.743813,268.5,0.761904,268.5,0.680347,268.5,0.740148,
269,0.748121,269,0.742998,269,0.760088,269,0.680919,269,0.742572,
269.5,0.750332,269.5,0.744537,269.5,0.762465,269.5,0.682631,269.5,0.744638,
270,0.752797,270,0.74444,270,0.762758,270,0.68385,270,0.743377,
270.5,0.753123,270.5,0.746338,270.5,0.767056,270.5,0.684317,270.5,0.746029,
271,0.751436,271,0.74631,271,0.766912,271,0.683064,271,0.748073,
271.5,0.754541,271.5,0.749198,271.5,0.769442,271.5,0.684797,271.5,0.744749,
272,0.754326,272,0.748609,272,0.76909,272,0.687214,272,0.746478,
272.5,0.756553,272.5,0.748058,272.5,0.768332,272.5,0.686687,272.5,0.749085,
273,0.758107,273,0.750439,273,0.769069,273,0.688498,273,0.750212,
273.5,0.758087,273.5,0.75141,273.5,0.770425,273.5,0.689145,273.5,0.751879,
274,0.759437,274,0.755208,274,0.772994,274,0.689202,274,0.750769,
274.5,0.757291,274.5,0.755175,274.5,0.772851,274.5,0.690624,274.5,0.755295,
275,0.761287,275,0.755031,275,0.773777,275,0.69417,275,0.750127,
275.5,0.760514,275.5,0.755485,275.5,0.775357,275.5,0.696783,275.5,0.754773,
276,0.761791,276,0.754296,276,0.775417,276,0.696445,276,0.755693,
276.5,0.763219,276.5,0.758424,276.5,0.775779,276.5,0.695973,276.5,0.75699,
277,0.762193,277,0.759207,277,0.77763,277,0.69546,277,0.757054,
277.5,0.764795,277.5,0.759149,277.5,0.779053,277.5,0.698234,277.5,0.75573,
278,0.763997,278,0.761422,278,0.779709,278,0.700027,278,0.759097,
278.5,0.768015,278.5,0.762693,278.5,0.779639,278.5,0.703709,278.5,0.761179,
279,0.766735,279,0.761894,279,0.781762,279,0.7035,279,0.760279,
279.5,0.768808,279.5,0.764592,279.5,0.782797,279.5,0.702891,279.5,0.761474,
280,0.769489,280,0.76386,280,0.782906,280,0.70562,280,0.762587,
280.5,0.770924,280.5,0.764885,280.5,0.78239,280.5,0.705633,280.5,0.763374,
281,0.771321,281,0.765641,281,0.784033,281,0.709179,281,0.764177,
281.5,0.772669,281.5,0.767358,281.5,0.784968,281.5,0.708559,281.5,0.764506,
282,0.770396,282,0.765383,282,0.786751,282,0.710683,282,0.765844,
282.5,0.774311,282.5,0.766845,282.5,0.786982,282.5,0.712061,282.5,0.766302,
283,0.772562,283,0.768464,283,0.789149,283,0.713195,283,0.768924,
283.5,0.773014,283.5,0.769532,283.5,0.789109,283.5,0.712817,283.5,0.767708,
284,0.775176,284,0.769488,284,0.789182,284,0.714578,284,0.769197,
284.5,0.774138,284.5,0.771159,284.5,0.791567,284.5,0.715488,284.5,0.769985,
285,0.774562,285,0.772416,285,0.789665,285,0.716063,285,0.769135,
285.5,0.775509,285.5,0.774276,285.5,0.791919,285.5,0.71869,285.5,0.771255,
286,0.777625,286,0.774041,286,0.79337,286,0.72115,286,0.772918,
286.5,0.778541,286.5,0.773828,286.5,0.794234,286.5,0.720921,286.5,0.773069,
287,0.780721,287,0.775206,287,0.794497,287,0.72307,287,0.773547,
287.5,0.781597,287.5,0.776619,287.5,0.796574,287.5,0.721294,287.5,0.774577,
288,0.780157,288,0.777235,288,0.796328,288,0.725738,288,0.772834,
288.5,0.780246,288.5,0.778273,288.5,0.796511,288.5,0.726714,288.5,0.774821,
289,0.780981,289,0.779847,289,0.794947,289,0.726585,289,0.778066,
289.5,0.781509,289.5,0.780744,289.5,0.798883,289.5,0.727635,289.5,0.777609,
290,0.784203,290,0.780707,290,0.798371,290,0.72994,290,0.776931,
290.5,0.783971,290.5,0.781186,290.5,0.800125,290.5,0.730254,290.5,0.776501,
291,0.783992,291,0.782813,291,0.799302,291,0.731845,291,0.777774,
291.5,0.785727,291.5,0.783369,291.5,0.80117,291.5,0.733128,291.5,0.778463,
292,0.785856,292,0.783074,292,0.800762,292,0.73492,292,0.780818,
292.5,0.785215,292.5,0.786114,292.5,0.80182,292.5,0.732031,292.5,0.779958,
293,0.786463,293,0.784551,293,0.803906,293,0.737375,293,0.781442,
293.5,0.788755,293.5,0.787529,293.5,0.805085,293.5,0.735743,293.5,0.781561,
294,0.789528,294,0.788858,294,0.803798,294,0.738133,294,0.7843,
294.5,0.78903,294.5,0.786919,294.5,0.80447,294.5,0.739904,294.5,0.784309,
295,0.787654,295,0.788682,295,0.806098,295,0.741043,295,0.784113,
295.5,0.789877,295.5,0.789044,295.5,0.806602,295.5,0.743108,295.5,0.783505,
296,0.789181,296,0.789862,296,0.806212,296,0.74041,296,0.78747,
296.5,0.790518,296.5,0.792272,296.5,0.808582,296.5,0.741965,296.5,0.784519,
297,0.789882,297,0.793296,297,0.807902,297,0.74286,297,0.785432,
297.5,0.791551,297.5,0.792049,297.5,0.809004,297.5,0.743001,297.5,0.788094,
298,0.793195,298,0.792361,298,0.807152,298,0.744777,298,0.786262,
298.5,0.792289,298.5,0.791751,298.5,0.809316,298.5,0.747561,298.5,0.78564,
299,0.79264,299,0.793156,299,0.807205,299,0.74713,299,0.787252,
299.5,0.793715,299.5,0.797636,299.5,0.812914,299.5,0.745797,299.5,0.790077,
300,0.793826,300,0.796057,300,0.81204,300,0.749305,300,0.788506,
300,0.793998,300,0.796067,300,0.812038,300,0.749136,300,0.788554,
