time,A2022,time,B2052,time,C2047,,,
0,5,0,5,0,0,5,5,25
0.499982,4.99991,0.499982,4.99991,0.499982,8.79E-05,4.999822146,4.999822146,24.99822149
0.999946,4.99982,0.999946,4.99982,0.999946,0.000176839,4.999643161,4.999643157,24.99643172
1.49989,4.99973,1.49989,4.99973,1.49989,0.000265568,4.999464432,4.999464426,24.99464458
1.99996,4.99964,1.99996,4.99964,1.99996,0.000356819,4.999283181,4.999283196,24.9928324
2.49987,4.99955,2.49987,4.99955,2.49987,0.000448011,4.999101989,4.999102025,24.99102088
2.99991,4.99946,2.99991,4.99946,2.99991,0.0005368,4.9989232,4.998923207,24.98923319
3.49993,4.99938,3.49993,4.99938,3.49993,0.000623534,4.998756466,4.9987565,24.98756638
3.99993,4.99929,3.99993,4.99929,3.99993,0.000712431,4.998577569,4.998577624,24.98577799
4.49991,4.9992,4.49991,4.9992,4.49991,0.000803342,4.998396658,4.998396669,24.98396921
4.99988,4.99911,4.99988,4.99911,4.99988,0.000894092,4.998215908,4.99821596,24.98216252
5.49997,4.99902,5.49997,4.99902,5.49997,0.000983416,4.998036584,4.998036581,24.98036968
5.9999,4.99893,5.9999,4.99893,5.9999,0.00107114,4.99785886,4.9978589,24.97859338
6.49995,4.99884,6.49995,4.99884,6.49995,0.0011591,4.9976809,4.99768091,24.97681443
6.99999,4.99875,6.99999,4.99875,6.99999,0.00124738,4.99750262,4.99750266,24.97503264
7.49987,4.99866,7.49987,4.99866,7.49987,0.00133586,4.99732414,4.99732418,24.97324876
7.99987,4.99857,7.99987,4.99857,7.99987,0.00142521,4.99714479,4.99714476,24.9714559
8.49999,4.99848,8.49999,4.99848,8.49999,0.0015152,4.9969648,4.99696481,24.96965726
8.99996,4.99839,8.99996,4.99839,8.99996,0.00160492,4.99678508,4.99678513,24.96786139
9.49991,4.99831,9.49991,4.99831,9.49991,0.00169428,4.99661572,4.99661574,24.96616875
9.99998,4.99822,9.99998,4.99822,9.99998,0.00178372,4.99643628,4.99643629,24.96437555
10.4999,4.99813,10.4999,4.99813,10.4999,0.00187298,4.99625702,4.99625702,24.96258421
10.9999,4.99804,10.9999,4.99804,10.9999,0.00196177,4.99607823,4.9960782,24.96079753
11.5,4.99795,11.5,4.99795,11.5,0.00205012,4.99589988,4.99589983,24.95901536
12,4.99786,12,4.99786,12,0.0021387,4.9957213,4.99572125,24.95723106
12.4999,4.99777,12.4999,4.99777,12.4999,0.00222785,4.99554215,4.99554206,24.95544092
12.9999,4.99768,12.9999,4.99768,12.9999,0.00231774,4.99536226,4.99536214,24.95364351
13.5,4.99759,13.5,4.99759,13.5,0.00240767,4.99518233,4.99518219,24.95184581
13.9999,4.9975,13.9999,4.9975,13.9999,0.00249671,4.99500329,4.99500315,24.95005717
14.5,4.99742,14.5,4.99742,14.5,0.00258471,4.99483529,4.99483511,24.94837868
14.9999,4.99733,14.9999,4.99733,14.9999,0.0026725,4.9946575,4.99465743,24.94660319
15.4999,4.99724,15.4999,4.99724,15.4999,0.00276017,4.99447983,4.9944797,24.94482812
15.9999,4.99715,15.9999,4.99715,15.9999,0.00284658,4.99430342,4.99430065,24.94305282
16.5,4.99706,16.5,4.99706,16.5,0.00293179,4.99412821,4.99413048,24.94132791
16.9999,4.99699,16.9999,4.997,16.9999,0.0030388,4.9939612,4.99394809,24.939583
17.4999,4.9969,17.4999,4.99692,17.4999,0.00313151,4.99378849,4.99377767,24.93786945
18,4.99679,18,4.9968,18,0.00317748,4.99362252,4.99361302,24.93621843
18.4999,4.99672,18.4999,4.99673,18.4999,0.00326666,4.99346334,4.99345572,24.93463808
18.9999,4.99663,18.9999,4.99665,18.9999,0.00332814,4.99332186,4.99331369,24.9332224
19.4999,4.99648,19.4999,4.99647,19.4999,0.00332842,4.99314158,4.9931952,24.93173057
19.9999,4.9966,19.9999,4.9966,19.9999,0.00357373,4.99302627,4.99305065,24.93043306
20.4999,4.99623,20.4999,4.99619,20.4999,0.00335939,4.99283061,4.99291389,24.9287733
20.9999,4.99648,20.9999,4.99635,20.9999,0.00375765,4.99259235,4.99279832,24.9270067
21.4999,4.99649,21.4999,4.99626,21.4999,0.00393229,4.99232771,4.99263566,24.92487335
21.9999,4.99628,21.9999,4.99591,21.9999,0.0039096,4.9920004,4.99249193,24.92252171
22.5,4.99634,22.5,4.99583,22.5,0.00416339,4.99166661,4.99227357,24.91976529
23,4.99655,23,4.9959,23,0.00462161,4.99127839,4.99201719,24.91654752
23.4999,4.99604,23.4999,4.99525,23.4999,0.00441489,4.99083511,4.99179025,24.91320204
24,4.99636,24,4.99532,24,0.0050026,4.9903174,4.99149892,24.90916391
24.4999,4.99618,24.4999,4.99502,24.4999,0.00514201,4.98987799,4.99116644,24.90531156
25,4.99622,25,4.99491,25,0.00551808,4.98939192,4.99086197,24.90136639
25.4999,4.99589,25.4999,4.99448,25.4999,0.00554911,4.98893089,4.99052441,24.89738139
26,4.99557,26,4.99395,26,0.00559503,4.98835497,4.99018832,24.89283071
26.4999,4.99575,26.4999,4.99401,26.4999,0.00615687,4.98785313,4.98976952,24.88823752
27,4.99577,27,4.99389,27,0.00659057,4.98729943,4.9893571,24.88341782
27.4999,4.99547,27.4999,4.99341,27.4999,0.00663376,4.98677624,4.9889228,24.87864168
27.9999,4.99551,27.9999,4.99333,27.9999,0.00715652,4.98617348,4.988528,24.87366602
28.5,4.99523,28.5,4.9929,28.5,0.00731831,4.98558169,4.9881,24.86858003
28.9999,4.99504,28.9999,4.99256,28.9999,0.00755591,4.98500409,4.9876369,24.86339035
29.5,4.99466,29.5,4.99204,29.5,0.00765345,4.98438655,4.9871519,24.85789285
29.9999,4.99439,29.9999,4.99167,29.9999,0.00786031,4.98380969,4.9866375,24.85245229
30.4999,4.99448,30.4999,4.99163,30.4999,0.00849366,4.98313634,4.9861662,24.84674599
30.9999,4.99429,30.9999,4.99128,30.9999,0.00875984,4.98252016,4.9856734,24.84121823
31.5,4.99429,31.5,4.99116,31.5,0.00933638,4.98182362,4.9851383,24.83507973
31.9999,4.99375,31.9999,4.99051,31.9999,0.00936862,4.98114138,4.98458,24.8288977
32.4999,4.99353,32.4999,4.99022,32.4999,0.00968677,4.98053323,4.9840054,24.82300451
32.9999,4.99324,32.9999,4.98978,32.9999,0.00993131,4.97984869,4.9834547,24.81685036
33.5,4.99318,33.5,4.98959,33.5,0.0104599,4.9791301,4.982892,24.81046754
34,4.99299,34,4.98928,34,0.0107864,4.9784936,4.9823887,24.80479026
34.4999,4.99291,34.4999,4.9891,34.4999,0.0113167,4.9777833,4.981786,24.79825115
35,4.99273,35,4.98881,35,0.0116741,4.9771359,4.9811961,24.79208993
35.4999,4.99198,35.4999,4.98796,35.4999,0.0115928,4.9763672,4.9806131,24.78535967
36,4.99245,36,4.98834,36,0.0127113,4.9756287,4.9799341,24.77830303
36.4999,4.99139,36.4999,4.98715,36.4999,0.0122219,4.9749281,4.9793358,24.77183759
36.9999,4.99152,36.9999,4.98725,36.9999,0.0130851,4.9741649,4.9787088,24.76491856
37.5,4.9912,37.5,4.98674,37.5,0.0133116,4.9734284,4.9780907,24.75817767
38,4.99087,38,4.98634,38,0.0136491,4.9726909,4.9774517,24.75132877
38.4999,4.99063,38.4999,4.986,38.4999,0.014064,4.971936,4.9767988,24.74432512
38.9999,4.99045,38.9999,4.98573,38.9999,0.0145963,4.9711337,4.9761007,24.73686188
39.4999,4.9901,39.4999,4.98528,39.4999,0.0149148,4.9703652,4.9754324,24.72971606
39.9999,4.98977,39.9999,4.98479,39.9999,0.0152857,4.9695043,4.9747532,24.72205742
40.5,4.9895,40.5,4.98447,40.5,0.0157156,4.9687544,4.9740447,24.71480649
41,4.98896,41,4.98382,41,0.0158788,4.9679412,4.9733567,24.70734365
41.4999,4.98873,41.4999,4.98351,41.4999,0.0163654,4.9671446,4.9726331,24.69978765
42,4.98874,42,4.98343,42,0.017058,4.966372,4.971854,24.69207649
42.5,4.98808,42.5,4.98267,42.5,0.01717,4.9655,4.9711523,24.68425675
42.9999,4.98791,42.9999,4.9824,42.9999,0.0177446,4.9646554,4.9703827,24.67623731
43.4999,4.98762,43.4999,4.98199,43.4999,0.0181634,4.9638266,4.9697219,24.66883776
43.9999,4.98715,43.9999,4.98151,43.9999,0.0184236,4.9630864,4.9689787,24.66147061
44.4999,4.98687,44.4999,4.98114,44.4999,0.0189129,4.9622271,4.9682484,24.65357685
44.9999,4.98649,44.9999,4.98066,44.9999,0.0193051,4.9613549,4.9674958,24.64550963
45.4999,4.98625,45.4999,4.98039,45.4999,0.0198192,4.9605708,4.9667574,24.63795173
45.9999,4.98603,45.9999,4.98003,45.9999,0.020444,4.959586,4.9659372,24.62899261
46.5,4.98548,46.5,4.97944,46.5,0.0206904,4.9587496,4.9651247,24.62081012
46.9999,4.98533,46.9999,4.97912,46.9999,0.021285,4.957835,4.9644028,24.61268996
47.4999,4.9847,47.4999,4.9784,47.4999,0.0213763,4.9570237,4.9636145,24.60475471
48,4.98413,48,4.97778,48,0.0215932,4.9561868,4.9628464,24.59679382
48.4999,4.98387,48.4999,4.97751,48.4999,0.0222507,4.9552593,4.9620449,24.58821914
49,4.98389,49,4.97742,49,0.0229835,4.9544365,4.961219,24.5800445
49.5,4.98317,49.5,4.97662,49.5,0.0231222,4.9534978,4.9604612,24.57163364
50,4.98306,50,4.97641,50,0.0237431,4.9526669,4.9596696,24.56359146
50.4999,4.98242,50.4999,4.97574,50.4999,0.024027,4.951713,4.9587619,24.55436576
50.9999,4.98219,50.9999,4.9754,50.9999,0.0246403,4.9507597,4.9579176,24.54545865
51.5,4.9819,51.5,4.97504,51.5,0.0251906,4.9498494,4.9570628,24.53671433
51.9999,4.98148,51.9999,4.97458,51.9999,0.0256225,4.9489575,4.9562416,24.52822904
52.4999,4.98123,52.4999,4.97424,52.4999,0.026242,4.947998,4.9553881,24.51925041
53,4.98032,53,4.97324,53,0.0261685,4.9470715,4.9545,24.51026575
53.4999,4.98025,53.4999,4.97309,53.4999,0.0270059,4.9460841,4.9536684,24.50126051
53.9999,4.97999,53.9999,4.97276,53.9999,0.0275607,4.9451993,4.9528186,24.49267507
54.5,4.97936,54.5,4.97207,54.5,0.0278425,4.9442275,4.9519369,24.4835026
55,4.97886,55,4.97154,55,0.0282466,4.9432934,4.9510441,24.47446362
55.4999,4.97858,55.4999,4.97115,55.4999,0.0288483,4.9423017,4.9501194,24.46498353
55.9999,4.97824,55.9999,4.97071,55.9999,0.0293812,4.9413288,4.9492336,24.45579053
56.5,4.97758,56.5,4.96997,56.5,0.0296064,4.9403636,4.9483378,24.44658795
56.9999,4.97742,56.9999,4.96974,56.9999,0.0304607,4.9392793,4.947393,24.43655583
57.4999,4.97704,57.4999,4.9693,57.4999,0.0310009,4.9382991,4.9464782,24.42718884
58,4.97645,58,4.96862,58,0.0313358,4.9372842,4.9455194,24.41743479
58.4999,4.97594,58.4999,4.96806,58.4999,0.0317443,4.9363157,4.9446127,24.4081693
59,4.97572,59,4.96773,59,0.0324135,4.9353165,4.9437126,24.39878637
59.4999,4.97525,59.4999,4.9672,59.4999,0.0328274,4.9343726,4.9428552,24.38988926
59.9999,4.97474,59.9999,4.96661,59.9999,0.0333244,4.9332856,4.9418542,24.37957816
60.5,4.97416,60.5,4.96599,60.5,0.0337013,4.9322887,4.9409452,24.37016818
60.9999,4.97396,60.9999,4.96569,60.9999,0.0344731,4.9312169,4.939956,24.35999451
61.4999,4.97336,61.4999,4.96504,61.4999,0.0348428,4.9301972,4.93899,24.35019467
61.9999,4.97336,61.9999,4.96496,61.9999,0.0358113,4.9291487,4.9380115,24.34019297
62.5,4.97243,62.5,4.964,62.5,0.0358136,4.9281864,4.9370331,24.33061938
63,4.97192,63,4.9634,63,0.0362759,4.9271241,4.9360605,24.32058265
63.5,4.97174,63.5,4.96322,63.5,0.037109,4.926111,4.9351222,24.31095976
63.9999,4.97116,63.9999,4.96253,63.9999,0.0375398,4.9249902,4.9341343,24.30056307
64.4999,4.97063,64.4999,4.96188,64.4999,0.037849,4.924031,4.9332189,24.29132279
64.9999,4.97028,64.9999,4.96147,64.9999,0.0385829,4.9228871,4.9322656,24.2809867
65.5,4.96966,65.5,4.96082,65.5,0.0388833,4.9219367,4.931306,24.27157598
66,4.96962,66,4.96065,66,0.0397554,4.9208946,4.9303044,24.2615083
66.4999,4.96885,66.4999,4.9599,66.4999,0.0400436,4.9198564,4.9293631,24.2517586
66.9999,4.9683,66.9999,4.95925,66.9999,0.040489,4.918761,4.9283406,24.24132954
67.4999,4.96828,67.4999,4.95914,67.4999,0.0414485,4.9176915,4.9272719,24.23080314
68,4.96731,68,4.95808,68,0.0415497,4.9165303,4.9261866,24.21974568
68.5,4.96671,68.5,4.95747,68.5,0.0420426,4.9154274,4.9252347,24.2096336
68.9999,4.96648,68.9999,4.95713,68.9999,0.0428875,4.9142425,4.924151,24.19847212
69.4999,4.96601,69.4999,4.95659,69.4999,0.043471,4.913119,4.92311,24.18782528
69.9999,4.96545,69.9999,4.95602,69.9999,0.0438606,4.9121594,4.9221253,24.17826406
70.5,4.96511,70.5,4.95557,70.5,0.0446086,4.9109614,4.9210862,24.16726437
71,4.96438,71,4.95471,71,0.0450226,4.9096874,4.9199392,24.1553635
71.5,4.96416,71.5,4.95448,71.5,0.0458466,4.9086334,4.9189313,24.14523047
71.9999,4.96377,71.9999,4.95402,71.9999,0.0465114,4.9075086,4.9178123,24.13420616
72.5,4.96283,72.5,4.953,72.5,0.0465695,4.9064305,4.9167647,24.12376429
72.9999,4.9627,72.9999,4.95285,72.9999,0.047575,4.905275,4.915692,24.11282108
73.4999,4.96202,73.4999,4.95207,73.4999,0.047878,4.904192,4.914658,24.10242645
73.9999,4.96141,73.9999,4.95144,73.9999,0.0483688,4.9030712,4.913625,24.09185323
74.5,4.96104,74.5,4.951,74.5,0.0490349,4.9019651,4.9125793,24.08129228
74.9999,4.96066,74.9999,4.95048,74.9999,0.0497668,4.9007132,4.9114145,24.06943387
75.5,4.95966,75.5,4.94947,75.5,0.0498485,4.8996215,4.9103695,24.05895198
76,4.95937,76,4.94911,76,0.0506796,4.8984304,4.9093185,24.04795498
76.5,4.9591,76.5,4.9488,76.5,0.0515336,4.8972664,4.9082079,24.03680163
76.9999,4.95856,76.9999,4.94822,76.9999,0.0520909,4.8961291,4.9070545,24.02557233
77.4999,4.95784,77.4999,4.9474,77.4999,0.0524318,4.8949682,4.9060095,24.01476049
77.9999,4.95731,77.9999,4.94678,77.9999,0.0530038,4.8937762,4.904901,24.00348778
78.5,4.9571,78.5,4.94656,78.5,0.0540447,4.8925153,4.9037092,23.99147229
78.9999,4.95649,78.9999,4.94578,78.9999,0.0544392,4.8913408,4.9026294,23.98043121
79.4999,4.9558,79.4999,4.94515,79.4999,0.0549912,4.8901588,4.9014948,23.96908793
79.9999,4.95529,79.9999,4.94456,79.9999,0.0555809,4.8889791,4.9002964,23.95744668
80.5,4.95477,80.5,4.94392,80.5,0.0561669,4.8877531,4.8992249,23.94620169
80.9999,4.95425,80.9999,4.94337,80.9999,0.0567778,4.8865922,4.8981068,23.93505048
81.4999,4.95351,81.4999,4.94259,81.4999,0.0571889,4.8854011,4.8970061,23.92383899
81.9999,4.95297,81.9999,4.94199,81.9999,0.0577551,4.8842349,4.8958772,23.91261429
82.4999,4.95259,82.4999,4.94154,82.4999,0.0585554,4.8829846,4.8946642,23.90056991
82.9999,4.95176,82.9999,4.94066,82.9999,0.0588927,4.8817673,4.8935346,23.88909719
83.5,4.95165,83.5,4.94043,83.5,0.0598933,4.8805367,4.8923762,23.87742159
83.9999,4.95087,83.9999,4.93959,83.9999,0.0602759,4.8793141,4.8912538,23.86596363
84.4999,4.95019,84.4999,4.93884,84.4999,0.0608285,4.8780115,4.8900868,23.85389965
84.9999,4.95005,84.9999,4.9387,84.9999,0.0618517,4.8768483,4.8889284,23.84256216
85.4999,4.9493,85.4999,4.93789,85.4999,0.0622971,4.8755929,4.8877532,23.8306948
85.9999,4.94838,85.9999,4.93687,85.9999,0.0624891,4.8743809,4.8865536,23.81892353
86.5,4.94825,86.5,4.93668,86.5,0.0635383,4.8731417,4.8853696,23.80709832
87,4.94792,87,4.93629,87,0.0643873,4.8719027,4.8841886,23.79529163
87.5,4.94685,87.5,4.93517,87.5,0.0645341,4.8706359,4.8830082,23.78335504
87.9999,4.94658,87.9999,4.93481,87.9999,0.0654844,4.8693256,4.881779,23.77097146
88.4999,4.94579,88.4999,4.934,88.4999,0.0658837,4.8681163,4.8806031,23.7593435
88.9999,4.94535,88.9999,4.93344,88.9999,0.0666983,4.8667417,4.8793043,23.7463137
89.4999,4.94467,89.4999,4.93268,89.4999,0.0672139,4.8654661,4.8781525,23.73448562
89.9999,4.94426,89.9999,4.93224,89.9999,0.068094,4.864146,4.8768441,23.72168172
90.4999,4.94354,90.4999,4.9315,90.4999,0.0686492,4.8628508,4.8756472,23.70954489
90.9999,4.94306,90.9999,4.93092,90.9999,0.06927,4.86165,4.8745231,23.69822523
91.4999,4.94247,91.4999,4.93027,91.4999,0.069874,4.860396,4.8733076,23.68620477
91.9999,4.94155,91.9999,4.92929,91.9999,0.0702907,4.8589993,4.8720336,23.67320785
92.5,4.94094,92.5,4.92867,92.5,0.0709241,4.8577459,4.8708163,23.66118791
93,4.94075,93,4.92837,93,0.0719753,4.8563947,4.8695656,23.64853257
93.4999,4.94004,93.4999,4.92757,93.4999,0.0724251,4.8551449,4.8683355,23.63647427
93.9999,4.93916,93.9999,4.92667,93.9999,0.072865,4.853805,4.8670448,23.62368639
94.4999,4.9391,94.4999,4.92649,94.4999,0.0740401,4.8524499,4.8657368,23.61074405
94.9999,4.93802,94.9999,4.92543,94.9999,0.0743025,4.8511275,4.8644767,23.59819669
95.4999,4.93752,95.4999,4.92485,95.4999,0.075123,4.849727,4.8631366,23.58488487
95.9999,4.93691,95.9999,4.92415,95.9999,0.0757802,4.8483698,4.8618624,23.57210683
96.4999,4.93611,96.4999,4.92322,96.4999,0.0762617,4.8469583,4.8605489,23.55887783
96.9999,4.93564,96.9999,4.92272,96.9999,0.0771344,4.8455856,4.8592642,23.54598063
97.5,4.93497,97.5,4.922,97.5,0.077853,4.844147,4.8578662,23.53221798
97.9999,4.93438,97.9999,4.92137,97.9999,0.0785967,4.8427733,4.8565998,23.51941184
98.5,4.93366,98.5,4.92052,98.5,0.0791488,4.8413712,4.8552622,23.50612658
99,4.93343,99,4.92023,99,0.0802385,4.8399915,4.8539157,23.49291073
99.4999,4.93246,99.4999,4.91924,99.4999,0.0806258,4.8386142,4.852623,23.47997056
99.9999,4.93176,99.9999,4.91855,99.9999,0.081258,4.837292,4.8513305,23.46730222
100.5,4.93134,100.5,4.91794,100.5,0.0820712,4.8358688,4.8500119,23.45402123
101,4.93059,101,4.91712,101,0.0825525,4.8345675,4.8488043,23.44187168
101.5,4.9299,101.5,4.91643,101.5,0.0832474,4.8331826,4.8474172,23.42845247
102,4.92932,102,4.9158,102,0.0840108,4.8317892,4.8460421,23.41505388
102.5,4.92868,102.5,4.91516,102.5,0.0847738,4.8303862,4.8447408,23.4019691
103,4.92822,103,4.9146,103,0.0856559,4.8289441,4.8433751,23.38838761
103.5,4.92739,103.5,4.91368,103.5,0.0861772,4.8275028,4.8420287,23.37490711
104,4.92707,104,4.91332,104,0.0871582,4.8261618,4.8407089,23.36204438
104.5,4.92616,104.5,4.91243,104.5,0.0876691,4.8247609,4.8393446,23.34868061
105,4.92523,105,4.91142,105,0.0880918,4.8233282,4.8380245,23.33538
105.5,4.92471,105.5,4.91079,105.5,0.0889601,4.8218299,4.8366451,23.32147996
106,4.92444,106,4.91046,106,0.0900587,4.8204013,4.8352552,23.30787045
106.5,4.92363,106.5,4.90964,106.5,0.0906019,4.8190381,4.8338173,23.29434974
107,4.92249,107,4.90842,107,0.0909134,4.8175066,4.832418,23.28020561
107.5,4.92221,107.5,4.90805,107.5,0.0920368,4.8160132,4.8310676,23.26648533
108,4.9214,108,4.90721,108,0.0926385,4.8145715,4.8296416,23.2526548
108.5,4.92107,108.5,4.90674,108.5,0.0936735,4.8130665,4.8282709,23.23878892
109,4.92008,109,4.90576,109,0.0941164,4.8116436,4.82683,23.22498568
109.5,4.9194,109.5,4.90506,109.5,0.0948835,4.8101765,4.825419,23.21111708
110,4.91912,110,4.90469,110,0.0959644,4.8087256,4.824009,23.19733557
110.5,4.91811,110.5,4.90353,110.5,0.096417,4.807113,4.8226,23.18278315
111,4.91723,111,4.90261,111,0.0969465,4.8056635,4.821144,23.16879575
111.5,4.91669,111.5,4.90205,111.5,0.0979137,4.8041363,4.819684,23.15441886
112,4.91597,112,4.90127,112,0.0986979,4.8025721,4.81823,23.13989697
112.5,4.91523,112.5,4.90042,112.5,0.0994335,4.8009865,4.816689,23.12485886
113,4.9142,113,4.89934,113,0.0999974,4.7993426,4.815129,23.10945373
113.5,4.91394,113.5,4.89903,113.5,0.101176,4.797854,4.813647,23.09517551
114,4.91333,114,4.89836,114,0.102098,4.796262,4.812075,23.07997246
114.5,4.91253,114.5,4.89759,114.5,0.102946,4.794644,4.810495,23.06461099
115,4.91134,115,4.89632,115,0.103368,4.792952,4.80892,23.04892273
115.5,4.91071,115.5,4.89562,115.5,0.104228,4.791392,4.807392,23.03409957
116,4.91038,116,4.89515,116,0.105367,4.789783,4.805878,23.01911274
116.5,4.90942,116.5,4.89413,116.5,0.106026,4.788104,4.804279,23.0033875
117,4.90826,117,4.89298,117,0.106417,4.786563,4.802847,22.98912974
117.5,4.90783,117.5,4.89243,117.5,0.107417,4.785013,4.8013,22.97428292
118,4.90732,118,4.89183,118,0.108495,4.783335,4.799664,22.9584008
118.5,4.90636,118.5,4.89084,118.5,0.109125,4.781715,4.798265,22.94393572
119,4.90535,119,4.88978,119,0.109635,4.780145,4.796681,22.9288307
119.5,4.9048,119.5,4.88915,119.5,0.110779,4.778371,4.794998,22.91227939
120,4.90443,120,4.88865,120,0.111948,4.776702,4.793372,22.89650962
120.5,4.90337,120.5,4.88757,120.5,0.112443,4.775127,4.791837,22.88163024
121,4.90257,121,4.88675,121,0.113295,4.773455,4.790247,22.86602849
121.5,4.90185,121.5,4.88598,121.5,0.114171,4.771809,4.788631,22.8504325
122,4.90101,122,4.88502,122,0.114997,4.770023,4.786936,22.83379482
122.5,4.90041,122.5,4.88438,122.5,0.116055,4.768325,4.785231,22.81753661
123,4.89932,123,4.88326,123,0.116598,4.766662,4.783691,22.80223811
123.5,4.8986,123.5,4.88247,123.5,0.117539,4.764931,4.78203,22.78604299
124,4.89798,124,4.88181,124,0.118613,4.763197,4.780374,22.7698631
124.5,4.89712,124.5,4.8809,124.5,0.119464,4.761436,4.778689,22.75342184
125,4.89603,125,4.87967,125,0.119969,4.759701,4.776928,22.73674898
125.5,4.89563,125.5,4.87918,125.5,0.12132,4.75786,4.775288,22.72015176
126,4.89443,126,4.87799,126,0.121959,4.756031,4.773507,22.70294727
126.5,4.89354,126.5,4.87713,126.5,0.122898,4.754232,4.771661,22.68558342
127,4.89262,127,4.87607,127,0.123745,4.752325,4.769932,22.66826709
127.5,4.892,127.5,4.87533,127.5,0.124789,4.750541,4.768239,22.65171487
128,4.89105,128,4.87441,128,0.125656,4.748754,4.766427,22.63458928
128.5,4.89013,128.5,4.87341,128.5,0.126511,4.746899,4.764714,22.61761612
129,4.88927,129,4.87245,129,0.127439,4.745011,4.762903,22.60002713
129.5,4.8883,129.5,4.87141,129.5,0.128197,4.743213,4.761156,22.58317703
130,4.88781,130,4.87086,130,0.129499,4.741361,4.759298,22.56554992
130.5,4.8866,130.5,4.86967,130.5,0.130181,4.739489,4.757452,22.54789142
131,4.88572,131,4.86871,131,0.131175,4.737535,4.755584,22.52974565
131.5,4.88507,131.5,4.86799,131.5,0.132367,4.735623,4.753834,22.51236563
132,4.88402,132,4.86691,132,0.133187,4.733723,4.751822,22.49380909
132.5,4.88314,132.5,4.86596,132.5,0.134141,4.731819,4.750067,22.47645728
133,4.88213,133,4.86484,133,0.134962,4.729878,4.748283,22.4587993
133.5,4.88118,133.5,4.86387,133.5,0.135981,4.727889,4.746346,22.44019704
134,4.88037,134,4.86299,134,0.137092,4.725898,4.744424,22.42166389
134.5,4.87925,134.5,4.86175,134.5,0.13796,4.72379,4.742438,22.4022812
135,4.87844,135,4.86095,135,0.139169,4.721781,4.740402,22.3831401
135.5,4.87729,135.5,4.85972,135.5,0.140115,4.719605,4.738304,22.36292325
136,4.87652,136,4.85889,136,0.14128,4.71761,4.736358,22.34428986
136.5,4.87527,136.5,4.8576,136.5,0.142202,4.715398,4.734201,22.32364193
137,4.87434,137,4.85655,137,0.143259,4.713291,4.732162,22.30405657
137.5,4.87341,137.5,4.85554,137.5,0.144354,4.711186,4.730154,22.2846353
138,4.87218,138,4.8543,138,0.145155,4.709145,4.728151,22.26554864
138.5,4.87129,138.5,4.85328,138.5,0.146326,4.706954,4.726069,22.24538938
139,4.87057,139,4.85254,139,0.147629,4.704911,4.724023,22.22610778
139.5,4.86942,139.5,4.85125,139.5,0.148535,4.702715,4.721958,22.20602272
140,4.86825,140,4.8501,140,0.14949,4.70061,4.719898,22.18639974
140.5,4.86722,140.5,4.84898,140.5,0.150638,4.698342,4.717775,22.16572043
141,4.86651,141,4.84819,141,0.152194,4.695996,4.715482,22.14388461
141.5,4.86543,141.5,4.84702,141.5,0.153254,4.693766,4.713312,22.12318361
142,4.86392,142,4.84545,142,0.15397,4.69148,4.711138,22.1022097
142.5,4.86302,142.5,4.84455,142.5,0.155285,4.689265,4.708982,22.08166448
143,4.86243,143,4.84388,143,0.156937,4.686943,4.70663,22.05970653
143.5,4.86078,143.5,4.8421,143.5,0.157567,4.684533,4.704342,22.03764534
144,4.85956,144,4.84085,144,0.15862,4.68223,4.702016,22.01592038
144.5,4.85877,144.5,4.84007,144.5,0.160199,4.679871,4.699728,21.99412078
145,4.85778,145,4.83888,145,0.161595,4.677285,4.69744,21.97126565
145.5,4.85612,145.5,4.83724,145.5,0.162305,4.674935,4.695052,21.94906292
146,4.85479,146,4.83579,146,0.163303,4.672487,4.692578,21.9260097
146.5,4.85409,146.5,4.835,146.5,0.165129,4.669871,4.690093,21.90212929
147,4.85265,147,4.83352,147,0.166195,4.667325,4.687639,21.8787347
147.5,4.85124,147.5,4.83211,147.5,0.167415,4.664695,4.685151,21.85480044
148,4.85016,148,4.83087,148,0.16882,4.66205,4.682497,21.83003514
148.5,4.84891,148.5,4.82958,148.5,0.170231,4.659349,4.679926,21.80540853
149,4.848,149,4.8286,149,0.17188,4.65672,4.677332,21.78102547
149.5,4.84618,149.5,4.82675,149.5,0.172806,4.653944,4.674547,21.75507996
150,4.84479,150,4.82536,150,0.174169,4.651191,4.671936,21.73006668
150.5,4.84398,150.5,4.82441,150.5,0.175941,4.648469,4.669242,21.70482669
151,4.84256,151,4.82289,151,0.177173,4.645717,4.666605,21.67972618
151.5,4.84114,151.5,4.82141,151.5,0.17856,4.64285,4.663813,21.65338419
152,4.83981,152,4.82007,152,0.179979,4.640091,4.661107,21.62796064
152.5,4.83878,152.5,4.81895,152.5,0.181761,4.637189,4.658278,21.6013155
153,4.837,153,4.81709,153,0.182713,4.634377,4.655587,21.57574531
153.5,4.83578,153.5,4.81578,153.5,0.184286,4.631494,4.652675,21.54883635
154,4.83419,154,4.8141,154,0.18561,4.62849,4.649864,21.52184903
154.5,4.83303,154.5,4.81296,154.5,0.18754,4.62542,4.646831,21.49354504
155,4.83153,155,4.81131,155,0.188968,4.622342,4.643868,21.4655461
155.5,4.82973,155.5,4.8095,155.5,0.190206,4.619294,4.640798,21.43721036
156,4.8281,156,4.80775,156,0.191704,4.616046,4.637625,21.40749033
156.5,4.82693,156.5,4.80661,156.5,0.19366,4.61295,4.634675,21.37952404
157,4.82545,157,4.805,157,0.195373,4.609627,4.631437,21.34919704
157.5,4.82361,157.5,4.80314,157.5,0.196731,4.606409,4.6283,21.31984277
158,4.82195,158,4.80134,158,0.198251,4.603089,4.625041,21.28947535
158.5,4.8206,158.5,4.79993,158.5,0.200305,4.599625,4.621643,21.25782468
159,4.81926,159,4.7985,159,0.202249,4.596251,4.618303,21.22687978
159.5,4.81685,159.5,4.79609,159.5,0.203292,4.592798,4.614935,21.19546424
160,4.81563,160,4.79477,160,0.205544,4.589226,4.611415,21.16282561
160.5,4.81395,160.5,4.79301,160.5,0.207261,4.585749,4.608046,21.13134234
161,4.81211,161,4.79111,161,0.209081,4.582029,4.604344,21.09723773
161.5,4.8101,161.5,4.78896,161.5,0.210671,4.578289,4.600737,21.0635036
162,4.8082,162,4.78707,162,0.212518,4.574552,4.597108,21.0297096
162.5,4.80694,162.5,4.78577,162.5,0.215065,4.570705,4.593179,20.99406622
163,4.8048,163,4.78351,163,0.21667,4.56684,4.589464,20.95934777
163.5,4.80241,163.5,4.78097,163.5,0.218221,4.562749,4.585576,20.92283231
164,4.80084,164,4.77943,164,0.220622,4.558808,4.581673,20.88696753
164.5,4.79911,164.5,4.77756,164.5,0.222861,4.554699,4.577643,20.84978599
165,4.79648,165,4.7749,165,0.224317,4.550583,4.57357,20.81240989
165.5,4.79478,165.5,4.77308,165.5,0.226736,4.546344,4.56942,20.7741552
166,4.79277,166,4.7711,166,0.228936,4.542164,4.565242,20.73607786
166.5,4.79119,166.5,4.76939,166.5,0.2315,4.53789,4.561132,20.69791529
167,4.7886,167,4.76683,167,0.233318,4.533512,4.556795,20.65828481
167.5,4.7863,167.5,4.76437,167.5,0.235235,4.529135,4.552501,20.61889162
168,4.78432,168,4.76245,168,0.237766,4.524684,4.547954,20.5780547
168.5,4.78196,168.5,4.75994,168.5,0.239876,4.520064,4.543542,20.53710063
169,4.77996,169,4.75785,169,0.242508,4.515342,4.538825,20.49434715
169.5,4.77741,169.5,4.75523,169.5,0.244674,4.510556,4.534352,20.45244862
170,4.77531,170,4.75315,170,0.247378,4.505772,4.529466,20.40874108
170.5,4.77238,170.5,4.75,170.5,0.249167,4.500833,4.524697,20.36490557
171,4.77,171,4.74758,171,0.251697,4.495883,4.519766,20.32033912
171.5,4.76797,171.5,4.74552,171.5,0.25473,4.49079,4.514751,20.27479864
172,4.7654,172,4.74289,172,0.257257,4.485633,4.50966,20.22867971
172.5,4.7626,172.5,4.74003,172.5,0.259592,4.480438,4.504602,20.18258998
173,4.76,173,4.73736,173,0.262179,4.475181,4.499385,20.13556226
173.5,4.75775,173.5,4.73491,173.5,0.265218,4.469692,4.493961,20.08662153
174,4.75477,174,4.73203,174,0.267627,4.464403,4.488653,20.03915592
174.5,4.7518,174.5,4.72896,174.5,0.270127,4.458833,4.483135,19.98955028
175,4.74942,175,4.72654,175,0.273401,4.453139,4.477619,19.9394598
175.5,4.74698,175.5,4.72405,175.5,0.276339,4.447711,4.472235,19.8912088
176,4.74403,176,4.72107,176,0.279,4.44207,4.466609,19.84098984
176.5,4.74116,176.5,4.71802,176.5,0.281847,4.436173,4.460749,19.78865427
177,4.73811,177,4.71504,177,0.284775,4.430265,4.454928,19.7365116
177.5,4.73541,177.5,4.7122,177.5,0.288031,4.424169,4.448988,19.68307479
178,4.73193,178,4.7087,178,0.290484,4.418216,4.443052,19.63036344
178.5,4.72894,178.5,4.70566,178.5,0.293532,4.412128,4.436957,19.57642221
179,4.72664,179,4.70329,179,0.29741,4.40588,4.430845,19.52177137
179.5,4.72334,179.5,4.69991,179.5,0.300289,4.399621,4.424681,19.46691945
180,4.71994,180,4.69644,180,0.303045,4.393395,4.41853,19.41234761
180.5,4.71674,180.5,4.6933,180.5,0.306245,4.387055,4.412195,19.35654214
181,4.71398,181,4.69044,181,0.309712,4.380728,4.405819,19.30069466
181.5,4.71078,181.5,4.68721,181.5,0.313029,4.374181,4.399386,19.24371065
182,4.70749,182,4.68371,182,0.316142,4.367568,4.392861,19.18611913
182.5,4.70456,182.5,4.68074,182.5,0.319919,4.360821,4.386264,19.12771216
183,4.70086,183,4.67709,183,0.322733,4.354357,4.379728,19.07089927
183.5,4.69757,183.5,4.67375,183.5,0.326211,4.347539,4.373033,19.01193152
184,4.69447,184,4.67061,184,0.32981,4.3408,4.366251,18.95302234
184.5,4.69077,184.5,4.66686,184.5,0.332987,4.333873,4.359371,18.89296027
185,4.6878,185,4.66388,185,0.336845,4.327035,4.352614,18.83391312
185.5,4.68398,185.5,4.66,185.5,0.339956,4.320044,4.345654,18.77341649
186,4.68049,186,4.65642,186,0.343435,4.312985,4.338745,18.7129421
186.5,4.67737,186.5,4.65327,186.5,0.347215,4.306055,4.331855,18.65320588
187,4.6735,187,4.64949,187,0.350548,4.298942,4.324796,18.59204717
187.5,4.66994,187.5,4.6458,187.5,0.353966,4.291834,4.317653,18.53064995
188,4.66649,188,4.64243,188,0.357591,4.284839,4.3106,18.47022699
188.5,4.66279,188.5,4.63857,188.5,0.361272,4.277298,4.303199,18.40606448
189,4.65877,189,4.63459,189,0.364447,4.270143,4.295969,18.34440195
189.5,4.65526,189.5,4.63113,189.5,0.368452,4.262678,4.288619,18.28100186
190,4.65203,190,4.62787,190,0.372354,4.255516,4.281515,18.22005559
190.5,4.64851,190.5,4.62433,190.5,0.376075,4.248255,4.274174,18.15778107
191,4.6443,191,4.61999,191,0.379444,4.240546,4.266561,18.09254818
191.5,4.64077,191.5,4.61652,191.5,0.383498,4.233022,4.258965,18.02829254
192,4.63708,192,4.61277,192,0.387269,4.225501,4.25158,17.96505554
192.5,4.63308,192.5,4.6088,192.5,0.390906,4.217894,4.24397,17.9006156
193,4.62941,193,4.60519,193,0.394803,4.210387,4.236402,17.83689191
193.5,4.62614,193.5,4.60179,193.5,0.399283,4.202507,4.228663,17.77098586
194,4.62184,194,4.59757,194,0.402479,4.195091,4.221218,17.70839364
194.5,4.61767,194.5,4.59338,194.5,0.406027,4.187353,4.213431,17.64312294
195,4.61419,195,4.58979,195,0.41039,4.1794,4.205593,17.57685538
195.5,4.61015,195.5,4.58581,195.5,0.414362,4.171448,4.197697,17.51047476
196,4.60604,196,4.58169,196,0.41805,4.16364,4.189792,17.44478556
196.5,4.60243,196.5,4.57816,196.5,0.422405,4.155755,4.18187,17.37882716
197,4.59844,197,4.57408,197,0.426213,4.147867,4.17395,17.31298946
197.5,4.59434,197.5,4.57008,197.5,0.430109,4.139971,4.166068,17.2474007
198,4.59007,198,4.56576,198,0.433865,4.131895,4.158061,17.18067146
198.5,4.58651,198.5,4.56218,198.5,0.438215,4.123965,4.150249,17.11548162
199,4.58212,199,4.55779,199,0.441876,4.115914,4.142126,17.04863439
199.5,4.5779,199.5,4.55362,199.5,0.445916,4.107704,4.133887,16.98078417
200,4.57435,200,4.55004,200,0.450505,4.099535,4.125732,16.91358273
200.5,4.57004,200.5,4.54577,200.5,0.454338,4.091432,4.117508,16.84650399
201,4.56586,201,4.54163,201,0.45831,4.08332,4.109428,16.78010954
201.5,4.562,201.5,4.5378,201.5,0.462811,4.074989,4.101094,16.71191294
202,4.55742,202,4.53324,202,0.466466,4.066774,4.092858,16.6447285
202.5,4.55376,202.5,4.52952,202.5,0.471288,4.058232,4.084315,16.57509783
203,4.54921,203,4.52508,203,0.475147,4.049933,4.075974,16.50742161
203.5,4.54503,203.5,4.52083,203.5,0.479201,4.041629,4.067715,16.44019491
204,4.54103,204,4.51685,204,0.483781,4.033069,4.059178,16.37094496
204.5,4.53681,204.5,4.5127,204.5,0.487921,4.024779,4.050779,16.30349025
205,4.53229,205,4.50828,205,0.491846,4.016434,4.042457,16.23626174
205.5,4.52842,205.5,4.5043,205.5,0.496343,4.007957,4.033956,16.16792219
206,4.52397,206,4.49987,206,0.500478,3.999392,4.025393,16.09912456
206.5,4.51964,206.5,4.49547,206.5,0.504666,3.990804,4.016883,16.03059274
207,4.51505,207,4.49102,207,0.508692,3.982328,4.008303,15.96237727
207.5,4.51088,207.5,4.48682,207.5,0.51306,3.97376,3.999767,15.89411411
208,4.50673,208,4.48276,208,0.517687,3.965073,3.990945,15.82438826
208.5,4.50195,208.5,4.47799,208.5,0.521543,3.956447,3.982361,15.75600023
209,4.49795,209,4.47414,209,0.526405,3.947735,3.973514,15.68638029
209.5,4.49351,209.5,4.4696,209.5,0.530457,3.939143,3.965017,15.61876896
210,4.489,210,4.4651,210,0.53472,3.93038,3.956241,15.5495305
210.5,4.48493,210.5,4.46118,210.5,0.539467,3.921713,3.947415,15.48062872
211,4.48086,211,4.4571,211,0.544084,3.913016,3.938755,15.41241134
211.5,4.47545,211.5,4.45178,211.5,0.547543,3.904237,3.929828,15.34297988
212,4.47171,212,4.44814,212,0.55264,3.8955,3.921128,15.27475412
212.5,4.467,212.5,4.44332,212.5,0.556922,3.886398,3.912006,15.20361229
213,4.46223,213,4.4388,213,0.560977,3.877823,3.903326,15.13640734
213.5,4.45826,213.5,4.43472,213.5,0.56586,3.86886,3.894424,15.06698124
214,4.45365,214,4.43013,214,0.570046,3.860084,3.885635,14.99887749
214.5,4.44885,214.5,4.42547,214.5,0.5744,3.85107,3.876522,14.92875758
215,4.44438,215,4.42101,215,0.578802,3.842208,3.867659,14.86035035
215.5,4.4401,215.5,4.41677,215.5,0.58344,3.83333,3.858679,14.79158997
216,4.43534,216,4.41205,216,0.587673,3.824377,3.849655,14.72253204
216.5,4.43099,216.5,4.40775,216.5,0.592208,3.815542,3.840749,14.65453912
217,4.42677,217,4.4036,217,0.597188,3.806412,3.831658,14.58486899
217.5,4.42166,217.5,4.39854,217.5,0.601081,3.797459,3.822585,14.51610981
218,4.41765,218,4.39458,218,0.606041,3.788539,3.813593,14.44794581
218.5,4.41287,218.5,4.38974,218.5,0.610257,3.779483,3.804543,14.37920559
219,4.40862,219,4.38559,219,0.615021,3.770569,3.795671,14.31183941
219.5,4.40369,219.5,4.38078,219.5,0.619087,3.761693,3.786677,14.24431636
220,4.39921,220,4.37632,220,0.623831,3.752489,3.777409,14.17468572
220.5,4.39455,220.5,4.37174,220.5,0.628259,3.743481,3.76835,14.10674663
221,4.38976,221,4.36701,221,0.632723,3.734287,3.759255,14.03813708
221.5,4.38579,221.5,4.36299,221.5,0.637652,3.725338,3.750215,13.97081845
222,4.38088,222,4.35814,222,0.641648,3.716492,3.74134,13.90466018
222.5,4.3761,222.5,4.35347,222.5,0.646142,3.707328,3.732049,13.83592976
223,4.37201,223,4.34942,223,0.651099,3.698321,3.722918,13.76854582
223.5,4.36712,223.5,4.34457,223.5,0.65552,3.68905,3.713669,13.69991062
224,4.36264,224,4.3401,224,0.660109,3.679991,3.704489,13.63248618
224.5,4.35815,224.5,4.33569,224.5,0.664741,3.670949,3.695486,13.56594064
225,4.35334,225,4.33094,225,0.669176,3.661764,3.686283,13.49829838
225.5,4.3485,225.5,4.32611,225.5,0.673583,3.652527,3.677002,13.43034908
226,4.34409,226,4.32173,226,0.678252,3.643478,3.667788,13.36350489
226.5,4.33953,226.5,4.31724,226.5,0.682919,3.634321,3.658615,13.29658133
227,4.33454,227,4.31236,227,0.687284,3.625076,3.649309,13.22902247
227.5,4.33038,227.5,4.3083,227.5,0.692283,3.616017,3.640182,13.16296
228,4.3255,228,4.30343,228,0.696682,3.606748,3.630862,13.09560426
228.5,4.32061,228.5,4.29861,228.5,0.700913,3.597697,3.62181,13.03017497
229,4.31684,229,4.29479,229,0.706261,3.588529,3.612621,12.96399522
229.5,4.31189,229.5,4.28989,229.5,0.710365,3.579525,3.603547,12.89898658
230,4.30688,230,4.28506,230,0.714888,3.570172,3.594169,12.83180153
230.5,4.30277,230.5,4.28085,230.5,0.720004,3.560846,3.584866,12.76515576
231,4.29727,231,4.27547,231,0.723805,3.551665,3.575556,12.6991771
231.5,4.29334,231.5,4.2715,231.5,0.728998,3.542502,3.56648,12.63426253
232,4.28847,232,4.26678,232,0.733525,3.533255,3.556977,12.56770677
232.5,4.28374,232.5,4.26207,232.5,0.737944,3.524126,3.54787,12.50314091
233,4.27938,233,4.25765,233,0.742834,3.514816,3.538634,12.4376474
233.5,4.27458,233.5,4.25295,233.5,0.74737,3.50558,3.529286,12.37219442
234,4.26979,234,4.2482,234,0.751712,3.496488,3.520143,12.30813776
234.5,4.26542,234.5,4.2438,234.5,0.756759,3.487041,3.510712,12.24199668
235,4.26067,235,4.23913,235,0.761291,3.477839,3.501505,12.17767065
235.5,4.25571,235.5,4.23423,235.5,0.765653,3.468577,3.492166,12.11284667
236,4.2514,236,4.22988,236,0.770638,3.459242,3.48281,12.04788263
236.5,4.24646,236.5,4.22505,236.5,0.775006,3.450044,3.473511,11.98376578
237,4.24198,237,4.22057,237,0.77958,3.44099,3.464411,11.92100361
237.5,4.2374,237.5,4.21598,237.5,0.78473,3.43125,3.454807,11.85430652
238,4.23232,238,4.21096,238,0.788821,3.422139,3.445583,11.79126396
238.5,4.22781,238.5,4.2065,238.5,0.793733,3.412767,3.436342,11.72743458
239,4.22333,239,4.20193,239,0.798367,3.403563,3.42699,11.66397637
239.5,4.21858,239.5,4.19724,239.5,0.803017,3.394223,3.417738,11.60056493
240,4.21373,240,4.1924,240,0.807664,3.384736,3.40819,11.53582339
240.5,4.20936,240.5,4.18809,240.5,0.812693,3.375397,3.398826,11.47238708
241,4.20423,241,4.18296,241,0.816803,3.366157,3.389575,11.40984161
241.5,4.19976,241.5,4.17854,241.5,0.821951,3.356589,3.379827,11.34469013
242,4.19493,242,4.17372,242,0.82656,3.34716,3.370547,11.2817601
242.5,4.18996,242.5,4.16877,242.5,0.831132,3.337638,3.360977,11.21772455
243,4.18578,243,4.16454,243,0.836239,3.328301,3.351718,11.15552637
243.5,4.18056,243.5,4.15936,243.5,0.840528,3.318832,3.342098,11.09186179
244,4.17592,244,4.15466,244,0.845338,3.309322,3.332818,11.02936793
244.5,4.17114,244.5,4.15003,244.5,0.850077,3.299953,3.323304,10.966747
245,4.16661,245,4.14536,245,0.854907,3.290453,3.313799,10.90389986
245.5,4.16191,245.5,4.14066,245.5,0.859637,3.281023,3.304352,10.84165491
246,4.15668,246,4.13538,246,0.864003,3.271377,3.294741,10.77833993
246.5,4.15217,246.5,4.131,246.5,0.869252,3.261748,3.285056,10.71502484
247,4.14779,247,4.12662,247,0.87429,3.25233,3.275603,10.6533419
247.5,4.14243,247.5,4.1212,247.5,0.878481,3.242719,3.266087,10.59100237
248,4.13815,248,4.11696,248,0.883729,3.233231,3.256563,10.52922045
248.5,4.13272,248.5,4.11146,248.5,0.888183,3.223277,3.246737,10.4651327
249,4.12798,249,4.10675,249,0.893117,3.213633,3.236961,10.40240469
249.5,4.12371,249.5,4.10242,249.5,0.898334,3.204086,3.227398,10.34086075
250,4.11838,250,4.0971,250,0.902885,3.194215,3.217604,10.27771896
250.5,4.11376,250.5,4.09248,250.5,0.907862,3.184618,3.208017,10.21630868
251,4.10884,251,4.08749,251,0.912706,3.174784,3.198205,10.15361006
251.5,4.10376,251.5,4.08239,251.5,0.917511,3.164879,3.18833,10.09067866
252,4.09925,252,4.07784,252,0.922681,3.155159,3.178575,10.02890952
252.5,4.09428,252.5,4.07283,252.5,0.927454,3.145376,3.168936,9.96749524
253,4.08914,253,4.06775,253,0.932279,3.135471,3.159006,9.904971702
253.5,4.08432,253.5,4.06286,253.5,0.937547,3.125313,3.148882,9.84124185
254,4.07948,254,4.05792,254,0.942353,3.115567,3.139064,9.779964209
254.5,4.0741,254.5,4.05249,254.5,0.947212,3.105278,3.129028,9.71650181
255,4.06979,255,4.0482,255,0.952695,3.095505,3.119165,9.655390853
255.5,4.06448,255.5,4.0429,255.5,0.957377,3.085523,3.109188,9.593471085
256,4.05983,256,4.03822,256,0.962742,3.075478,3.099173,9.53143838
256.5,4.05401,256.5,4.03237,256.5,0.966883,3.065487,3.089206,9.469920833
257,4.05008,257,4.02844,257,0.972806,3.055634,3.079312,9.409250444
257.5,4.04449,257.5,4.02275,257.5,0.977446,3.045304,3.069128,9.346427775
258,4.0393,258,4.01751,258,0.982372,3.035138,3.059011,9.284520529
258.5,4.03469,258.5,4.01289,258.5,0.987884,3.025006,3.048998,9.223237244
259,4.02928,259,4.00744,259,0.992685,3.014755,3.038688,9.160899841
259.5,4.02413,259.5,4.00221,259.5,0.99786,3.00435,3.02831,9.098103149
260,4.01949,260,3.99754,260,1.00323,2.99431,3.018324,9.037797736
260.5,4.01358,260.5,3.99159,260.5,1.00777,2.98382,3.00784,8.974853149
261,4.00926,261,3.98719,261,1.01366,2.97353,2.99767,8.913661675
261.5,4.00366,261.5,3.98155,261.5,1.01827,2.96328,2.98752,8.852858266
262,3.99857,262,3.97645,262,1.02351,2.95294,2.97715,8.791345321
262.5,3.99354,262.5,3.97138,262.5,1.02887,2.94251,2.96678,8.729779818
263,3.98835,263,3.96615,263,1.03428,2.93187,2.9562,8.667194094
263.5,3.98315,263.5,3.96095,263.5,1.03935,2.9216,2.94584,8.606566144
264,3.9779,264,3.95564,264,1.04457,2.91107,2.93554,8.545562428
264.5,3.97321,264.5,3.95088,264.5,1.04999,2.90089,2.92524,8.485799464
265,3.96735,265,3.945,265,1.05471,2.89029,2.91468,8.424270457
265.5,3.96261,265.5,3.94024,265.5,1.06048,2.87976,2.90426,8.363571778
266,3.95713,266,3.93477,266,1.06544,2.86933,2.89381,8.303295847
266.5,3.95173,266.5,3.92929,266.5,1.07064,2.85865,2.8831,8.241773815
267,3.94658,267,3.92413,267,1.07583,2.8483,2.87282,8.182653206
267.5,3.94138,267.5,3.91893,267.5,1.08122,2.83771,2.86223,8.122178693
268,3.93643,268,3.91393,268,1.08687,2.82706,2.85161,8.061672567
268.5,3.93081,268.5,3.90834,268.5,1.09174,2.8166,2.84117,8.002439422
269,3.92561,269,3.90313,269,1.09683,2.8063,2.83082,7.944130166
269.5,3.9209,269.5,3.89835,269.5,1.10265,2.7957,2.82027,7.884628839
270,3.91494,270,3.89237,270,1.1073,2.78507,2.80971,7.82523903
270.5,3.90985,270.5,3.88742,270.5,1.11272,2.7747,2.79921,7.766967987
271,3.90481,271,3.88232,271,1.11815,2.76417,2.78869,7.708413237
271.5,3.89942,271.5,3.87696,271.5,1.12329,2.75367,2.77828,7.650466288
272,3.89462,272,3.87205,272,1.12877,2.74328,2.76787,7.593042414
272.5,3.88883,272.5,3.86627,272.5,1.13372,2.73255,2.75718,7.534132209
273,3.88414,273,3.86151,273,1.13938,2.72213,2.74677,7.47706502
273.5,3.87849,273.5,3.85591,273.5,1.1442,2.71171,2.73627,7.419970722
274,3.87325,274,3.85065,274,1.14932,2.70133,2.7259,7.363555447
274.5,3.86824,274.5,3.84576,274.5,1.1548,2.69096,2.71552,7.307355699
275,3.86258,275,3.83997,275,1.15968,2.68029,2.70497,7.250104041
275.5,3.85758,275.5,3.83506,275.5,1.16515,2.66991,2.69436,7.193698708
276,3.85245,276,3.82986,276,1.17036,2.6595,2.68401,7.138124595
276.5,3.84741,276.5,3.82479,276.5,1.17582,2.64897,2.67354,7.082127254
277,3.84194,277,3.8192,277,1.18062,2.63858,2.66319,7.02703987
277.5,3.83718,277.5,3.81456,277.5,1.18619,2.62837,2.65292,6.97285534
278,3.83171,278,3.80913,278,1.19115,2.61798,2.64256,6.918169229
278.5,3.82653,278.5,3.80387,278.5,1.19623,2.60764,2.63223,6.863908237
279,3.82168,279,3.79903,279,1.20168,2.59735,2.62186,6.809888071
279.5,3.81584,279.5,3.79326,279.5,1.20618,2.58708,2.61163,6.75649574
280,3.81147,280,3.78885,280,1.21212,2.57673,2.60129,6.702821982
280.5,3.80551,280.5,3.78297,280.5,1.21671,2.56626,2.59076,6.648563758
281,3.8009,281,3.77839,281,1.22208,2.55631,2.58077,6.597248159
281.5,3.79562,281.5,3.77307,281.5,1.22706,2.54601,2.57045,6.544391405
282,3.79036,282,3.76785,282,1.23199,2.53586,2.56027,6.492486282
282.5,3.7856,282.5,3.76308,282.5,1.23763,2.52545,2.54985,6.439518683
283,3.78011,283,3.7576,283,1.24212,2.51548,2.53989,6.389042497
283.5,3.77535,283.5,3.75292,283.5,1.24758,2.50534,2.52969,6.337733545
284,3.77022,284,3.74773,284,1.25252,2.49521,2.51953,6.286756451
284.5,3.76512,284.5,3.74271,284.5,1.25745,2.48526,2.50952,6.236809675
285,3.76012,285,3.73774,285,1.26265,2.47509,2.49935,6.186116192
285.5,3.75512,285.5,3.73272,285.5,1.26782,2.4649,2.48913,6.135456537
286,3.74979,286,3.72747,286,1.27253,2.45494,2.47916,6.08618905
286.5,3.74513,286.5,3.72277,286.5,1.27769,2.44508,2.46929,6.037611593
287,3.73997,287,3.71764,287,1.28253,2.43511,2.45934,5.988763427
287.5,3.73486,287.5,3.71247,287.5,1.28731,2.42516,2.44937,5.940114149
288,3.73035,288,3.70805,288,1.29281,2.41524,2.43932,5.891543237
288.5,3.72493,288.5,3.70262,288.5,1.29733,2.40529,2.42943,5.843483685
289,3.72029,289,3.69807,289,1.30247,2.3956,2.41965,5.79651354
289.5,3.71516,289.5,3.69298,289.5,1.30699,2.38599,2.40999,5.75021204
290,3.71062,290,3.68845,290,1.31257,2.37588,2.39985,5.701755618
290.5,3.70485,290.5,3.68271,290.5,1.31662,2.36609,2.39,5.6549551
291,3.7008,291,3.67868,291,1.32199,2.35669,2.38057,5.610265513
291.5,3.69565,291.5,3.67354,291.5,1.32641,2.34713,2.37095,5.564927874
292,3.69088,292,3.66878,292,1.3316,2.33718,2.361,5.51808198
292.5,3.6862,292.5,3.66422,292.5,1.33657,2.32765,2.35142,5.473282763
293,3.68055,293,3.6586,293,1.34042,2.31818,2.34195,5.429061651
293.5,3.6766,293.5,3.65469,293.5,1.34613,2.30856,2.33225,5.38413906
294,3.67131,294,3.64944,294,1.35033,2.29911,2.32269,5.340119806
294.5,3.66697,294.5,3.64512,294.5,1.35548,2.28964,2.31314,5.29625787
295,3.66175,295,3.63999,295,1.35995,2.28004,2.30351,5.25209494
295.5,3.65771,295.5,3.63596,295.5,1.36533,2.27063,2.29405,5.208938752
296,3.65192,296,3.63021,296,1.36902,2.26119,2.28458,5.16586945
296.5,3.64804,296.5,3.62639,296.5,1.37442,2.25197,2.27538,5.124087499
297,3.64292,297,3.62126,297,1.37872,2.24254,2.26589,5.081348961
297.5,3.63836,297.5,3.6167,297.5,1.38345,2.23325,2.25657,5.039484953
298,3.63394,298,3.61239,298,1.38854,2.22385,2.24708,4.997168858
298.5,3.62924,298.5,3.60774,298.5,1.39284,2.2149,2.23806,4.957079094
299,3.62449,299,3.603,299,1.39742,2.20558,2.22864,4.915443811
299.5,3.61992,299.5,3.59851,299.5,1.40197,2.19654,2.21962,4.875484115
300,3.61529,300,3.59392,300,1.40673,2.18719,2.2102,4.834127338
300,3.61529,300,3.59391,300,1.40673,2.18718,2.2102,4.834105236
