time,A3118,time,B3126,time,C3135,time,D3284,time,E3149,time,F3157,
0,0,0,0,0,0,0,0,0,0,0,0,
0.499982,0.000117968,0.499982,0.000118231,0.499982,0.00011729,0.499982,0.000118284,0.499982,0.000118783,0.499982,0.000117524,
0.999946,0.000235958,0.999946,0.000235982,0.999946,0.000235446,0.999946,0.000235924,0.999946,0.000236673,0.999946,0.000236771,
1.49989,0.000354626,1.49989,0.000353916,1.49989,0.00035404,1.49989,0.000355249,1.49989,0.000356339,1.49989,0.00035751,
1.99996,0.000473034,1.99996,0.00047421,1.99996,0.00047541,1.99996,0.000476241,1.99996,0.000477369,1.99996,0.000479004,
2.49987,0.000593623,2.49987,0.000595409,2.49987,0.000597131,2.49987,0.00059776,2.49987,0.000597345,2.49987,0.000596754,
2.99991,0.000714795,2.99991,0.000715434,2.99991,0.000715746,2.99991,0.000715049,2.99991,0.000714509,2.99991,0.000713163,
3.49993,0.000834447,3.49993,0.000832778,3.49993,0.000831834,3.49993,0.000831311,3.49993,0.000831035,3.49993,0.000831307,
3.99993,0.000953036,3.99993,0.000951377,3.99993,0.000950114,3.99993,0.000949874,3.99993,0.000950208,3.99993,0.000950747,
4.49991,0.0010728,4.49991,0.00107202,4.49991,0.00107144,4.49991,0.00107107,4.49991,0.0010703,4.49991,0.00106942,
4.99988,0.00119338,4.99988,0.00119288,4.99988,0.00119248,4.99988,0.00119164,4.99988,0.00119049,4.99988,0.00118839,
5.49997,0.00131175,5.49997,0.00131167,5.49997,0.00131147,5.49997,0.00131074,5.49997,0.00131041,5.49997,0.00130924,
5.9999,0.00142801,5.9999,0.00142826,5.9999,0.00142845,5.9999,0.00142917,5.9999,0.00142923,5.9999,0.00142959,
6.49995,0.00154481,6.49995,0.00154513,6.49995,0.00154559,6.49995,0.00154633,6.49995,0.00154705,6.49995,0.00154751,
6.99999,0.00166333,6.99999,0.00166347,6.99999,0.00166346,6.99999,0.00166366,6.99999,0.0016639,6.99999,0.0016643,
7.49987,0.0017826,7.49987,0.00178225,7.49987,0.00178185,7.49987,0.00178188,7.49987,0.0017817,7.49987,0.00178221,
7.99987,0.001901,7.99987,0.00190078,7.99987,0.00190097,7.99987,0.00190127,7.99987,0.00190133,7.99987,0.00190185,
8.49999,0.00201857,8.49999,0.00201945,8.49999,0.00202071,8.49999,0.00202166,8.49999,0.00202192,8.49999,0.00202268,
8.99996,0.00213746,8.99996,0.00213866,8.99996,0.0021402,8.99996,0.00214151,8.99996,0.00214182,8.99996,0.00214254,
9.49991,0.00225805,9.49991,0.00225864,9.49991,0.00225947,9.49991,0.00226034,9.49991,0.00226082,9.49991,0.00226108,
9.99998,0.00237902,9.99998,0.00237897,9.99998,0.00237875,9.99998,0.00237876,9.99998,0.00237919,9.99998,0.00237903,
10.4999,0.00249875,10.4999,0.00249846,10.4999,0.00249789,10.4999,0.00249727,10.4999,0.00249709,10.4999,0.00249679,
10.9999,0.00261756,10.9999,0.00261714,10.9999,0.00261645,10.9999,0.00261552,10.9999,0.00261495,10.9999,0.00261443,
11.5,0.00273618,11.5,0.00273539,11.5,0.00273442,11.5,0.00273352,11.5,0.00273296,11.5,0.00273227,
12,0.00285505,12,0.00285386,12,0.00285268,12,0.00285187,12,0.00285149,12,0.00285096,
12.4999,0.00297404,12.4999,0.00297283,12.4999,0.00297182,12.4999,0.00297116,12.4999,0.00297077,12.4999,0.0029706,
12.9999,0.00309282,12.9999,0.00309222,12.9999,0.00309159,12.9999,0.00309099,12.9999,0.00309086,12.9999,0.00309053,
13.5,0.00321103,13.5,0.00321134,13.5,0.00321131,13.5,0.00321103,13.5,0.003211,13.5,0.00321028,
13.9999,0.00332877,13.9999,0.00332954,13.9999,0.00333013,13.9999,0.00333019,13.9999,0.0033301,13.9999,0.00332938,
14.5,0.00344628,14.5,0.00344701,14.5,0.00344778,14.5,0.00344814,14.5,0.00344811,14.5,0.00344765,
14.9999,0.00356385,14.9999,0.0035643,14.9999,0.00356478,14.9999,0.00356519,14.9999,0.00356547,14.9999,0.00356544,
15.4999,0.00368162,15.4999,0.0036816,15.4999,0.00368182,15.4999,0.00368216,15.4999,0.00368268,15.4999,0.00368334,
15.9999,0.00379913,15.9999,0.00379909,15.9999,0.00379886,15.9999,0.00379884,15.9999,0.00380658,15.9999,0.00380099,
16.5,0.0039163,16.5,0.0039171,16.5,0.00391651,16.5,0.00391622,16.5,0.00394488,16.5,0.00391862,
16.9999,0.00403412,16.9999,0.00403493,16.9999,0.00403441,16.9999,0.00403309,16.9999,0.00411253,16.9999,0.00403647,
17.4999,0.00415075,17.4999,0.00414835,17.4999,0.00414933,17.4999,0.00414631,17.4999,0.00435042,17.4999,0.00414933,
18,0.00425991,18,0.00426105,18,0.00426045,18,0.00425937,18,0.00469321,18,0.00425905,
18.4999,0.00436283,18.4999,0.00436715,18.4999,0.00436333,18.4999,0.00436236,18.4999,0.00520686,18.4999,0.004366,
18.9999,0.00446063,18.9999,0.00445746,18.9999,0.00445598,18.9999,0.00445373,18.9999,0.00588803,18.9999,0.00445372,
19.4999,0.00454597,19.4999,0.00454172,19.4999,0.00454325,19.4999,0.00454769,19.4999,0.00670247,19.4999,0.0045343,
19.9999,0.00462045,19.9999,0.00462005,19.9999,0.00461488,19.9999,0.00467399,19.9999,0.00773076,19.9999,0.00461129,
20.4999,0.00468701,20.4999,0.00469296,20.4999,0.00468517,20.4999,0.00482279,20.4999,0.00881365,20.4999,0.00467913,
20.9999,0.00473927,20.9999,0.0047442,20.9999,0.00473322,20.9999,0.00497491,20.9999,0.00999193,20.9999,0.00475279,
21.4999,0.00478907,21.4999,0.00479087,21.4999,0.00478032,21.4999,0.00518688,21.4999,0.0111639,21.4999,0.00483485,
21.9999,0.00483223,21.9999,0.00483469,21.9999,0.00482527,21.9999,0.00544588,21.9999,0.0123218,21.9999,0.00493437,
22.5,0.00487418,22.5,0.00487048,22.5,0.00486713,22.5,0.0057466,22.5,0.0134573,22.5,0.0050696,
23,0.00490447,23,0.00490626,23,0.0048987,23,0.00609805,23,0.0145613,23,0.00520725,
23.4999,0.00493588,23.4999,0.00492951,23.4999,0.0049341,23.4999,0.00644882,23.4999,0.0156451,23.4999,0.00540018,
24,0.00496326,24,0.00495925,24,0.00497112,24,0.00684179,24,0.0166336,24,0.00559207,
24.4999,0.00498493,24.4999,0.00498645,24.4999,0.00499303,24.4999,0.00725246,24.4999,0.0176507,24.4999,0.00582371,
25,0.00500601,25,0.00501456,25,0.0050162,25,0.00768476,25,0.0187033,25,0.00606133,
25.4999,0.00503676,25.4999,0.00503585,25.4999,0.00504779,25.4999,0.00809952,25.4999,0.0196555,25.4999,0.00635279,
26,0.00506152,26,0.00505125,26,0.00507726,26,0.00855046,26,0.0206434,26,0.00662597,
26.4999,0.00508158,26.4999,0.00507924,26.4999,0.00510961,26.4999,0.00901595,26.4999,0.0215638,26.4999,0.00693733,
27,0.00510314,27,0.00510367,27,0.00512844,27,0.00950177,27,0.0224549,27,0.00724905,
27.4999,0.00511082,27.4999,0.00511213,27.4999,0.00516226,27.4999,0.00992357,27.4999,0.0233674,27.4999,0.00758643,
27.9999,0.00513438,27.9999,0.0051301,27.9999,0.00518708,27.9999,0.0104069,27.9999,0.0242871,27.9999,0.00791179,
28.5,0.00514795,28.5,0.00515587,28.5,0.00521308,28.5,0.0108728,28.5,0.0251535,28.5,0.00829283,
28.9999,0.00516881,28.9999,0.00516897,28.9999,0.00525152,28.9999,0.0113756,28.9999,0.0260461,28.9999,0.00864256,
29.5,0.00518941,29.5,0.00519002,29.5,0.00529295,29.5,0.0118776,29.5,0.0268626,29.5,0.00899789,
29.9999,0.00519606,29.9999,0.00520582,29.9999,0.00532684,29.9999,0.0123845,29.9999,0.0276792,29.9999,0.00934135,
30.4999,0.00521561,30.4999,0.00522018,30.4999,0.00537134,30.4999,0.0128987,30.4999,0.0285226,30.4999,0.00973835,
30.9999,0.00522421,30.9999,0.00523821,30.9999,0.00541058,30.9999,0.0133758,30.9999,0.0292432,30.9999,0.0101083,
31.5,0.00524302,31.5,0.00524528,31.5,0.00547586,31.5,0.0139155,31.5,0.030076,31.5,0.0104879,
31.9999,0.00526575,31.9999,0.00525755,31.9999,0.00552526,31.9999,0.0143971,31.9999,0.0308962,31.9999,0.0108755,
32.4999,0.00527524,32.4999,0.00526532,32.4999,0.00558795,32.4999,0.0149091,32.4999,0.0317342,32.4999,0.0112713,
32.9999,0.0052909,32.9999,0.00528919,32.9999,0.00563788,32.9999,0.0154433,32.9999,0.0324317,32.9999,0.0116417,
33.5,0.00529931,33.5,0.0053047,33.5,0.00570369,33.5,0.0159595,33.5,0.033294,33.5,0.0120303,
34,0.00531632,34,0.00531546,34,0.00576328,34,0.0164843,34,0.0340948,34,0.0124166,
34.4999,0.00532498,34.4999,0.00533122,34.4999,0.0058485,34.4999,0.0169916,34.4999,0.034837,34.4999,0.0128037,
35,0.00533375,35,0.00533959,35,0.00591503,35,0.0175097,35,0.0356189,35,0.0132361,
35.4999,0.00534791,35.4999,0.00534542,35.4999,0.00598894,35.4999,0.0180647,35.4999,0.0363394,35.4999,0.0136307,
36,0.00535582,36,0.0053544,36,0.0060648,36,0.0185675,36,0.0370782,36,0.0140681,
36.4999,0.00536748,36.4999,0.00536574,36.4999,0.00615399,36.4999,0.0191272,36.4999,0.0377782,36.4999,0.0144743,
36.9999,0.00537502,36.9999,0.00537937,36.9999,0.00623882,36.9999,0.0196735,36.9999,0.038453,36.9999,0.0149192,
37.5,0.0053914,37.5,0.00539077,37.5,0.00632639,37.5,0.0201738,37.5,0.0391808,37.5,0.0153185,
38,0.00539603,38,0.00540214,38,0.00641498,38,0.0207089,38,0.0399363,38,0.0157295,
38.4999,0.00541373,38.4999,0.00540742,38.4999,0.00651403,38.4999,0.0212403,38.4999,0.0406412,38.4999,0.0161519,
38.9999,0.00542176,38.9999,0.00541392,38.9999,0.00660202,38.9999,0.021792,38.9999,0.0413531,38.9999,0.0165652,
39.4999,0.0054322,39.4999,0.00542805,39.4999,0.00671904,39.4999,0.0223477,39.4999,0.0419943,39.4999,0.0169894,
39.9999,0.00544496,39.9999,0.00543974,39.9999,0.00681553,39.9999,0.0228657,39.9999,0.0425868,39.9999,0.0174285,
40.5,0.00545061,40.5,0.00545036,40.5,0.0069229,40.5,0.0234567,40.5,0.0432976,40.5,0.0178672,
41,0.00545734,41,0.00546245,41,0.00703219,41,0.0240279,41,0.0439538,41,0.0183017,
41.4999,0.00547113,41.4999,0.00546836,41.4999,0.00714666,41.4999,0.0245644,41.4999,0.0445969,41.4999,0.018765,
42,0.00547898,42,0.00547792,42,0.00725833,42,0.0251066,42,0.0452813,42,0.0191258,
42.5,0.0054979,42.5,0.00548695,42.5,0.00737215,42.5,0.0256874,42.5,0.045924,42.5,0.0195359,
42.9999,0.00549117,42.9999,0.00549764,42.9999,0.00750363,42.9999,0.0262089,42.9999,0.0465563,42.9999,0.0199957,
43.4999,0.00550334,43.4999,0.00550123,43.4999,0.00761484,43.4999,0.0267908,43.4999,0.0471987,43.4999,0.0204533,
43.9999,0.00551184,43.9999,0.0055121,43.9999,0.00772785,43.9999,0.0273422,43.9999,0.0478014,43.9999,0.0208739,
44.4999,0.00551634,44.4999,0.00551725,44.4999,0.00785502,44.4999,0.0278984,44.4999,0.0484686,44.4999,0.021312,
44.9999,0.00552225,44.9999,0.0055324,44.9999,0.00797904,44.9999,0.0284414,44.9999,0.0490794,44.9999,0.0217722,
45.4999,0.00553519,45.4999,0.00553631,45.4999,0.00808345,45.4999,0.0290022,45.4999,0.049694,45.4999,0.022198,
45.9999,0.00553754,45.9999,0.00554458,45.9999,0.00823897,45.9999,0.0294882,45.9999,0.050316,45.9999,0.0226202,
46.5,0.00554735,46.5,0.00554288,46.5,0.00835768,46.5,0.030079,46.5,0.0509653,46.5,0.0230415,
46.9999,0.0055588,46.9999,0.00555284,46.9999,0.00851894,46.9999,0.0306352,46.9999,0.0515467,46.9999,0.023479,
47.4999,0.00556262,47.4999,0.00556626,47.4999,0.00862462,47.4999,0.0312077,47.4999,0.052212,47.4999,0.0239431,
48,0.00557568,48,0.0055638,48,0.0087606,48,0.0317889,48,0.0528207,48,0.0243752,
48.4999,0.00557864,48.4999,0.00558205,48.4999,0.00891158,48.4999,0.032317,48.4999,0.0534323,48.4999,0.0248244,
49,0.00558009,49,0.00558387,49,0.00906001,49,0.0328608,49,0.0539845,49,0.0252621,
49.5,0.00559208,49.5,0.00559122,49.5,0.00919568,49.5,0.0334117,49.5,0.0545986,49.5,0.0257153,
50,0.00559993,50,0.00560373,50,0.00933918,50,0.033936,50,0.0552099,50,0.0261966,
50.4999,0.00560717,50.4999,0.0056035,50.4999,0.00950271,50.4999,0.0344885,50.4999,0.055783,50.4999,0.0266326,
50.9999,0.00561347,50.9999,0.00561499,50.9999,0.00965499,50.9999,0.0350472,50.9999,0.056336,50.9999,0.0270955,
51.5,0.00561641,51.5,0.00561914,51.5,0.00980178,51.5,0.0356269,51.5,0.0569684,51.5,0.027501,
51.9999,0.00562758,51.9999,0.0056203,51.9999,0.0099563,51.9999,0.0361612,51.9999,0.0575839,51.9999,0.0279726,
52.4999,0.00562978,52.4999,0.00563211,52.4999,0.0101117,52.4999,0.0367262,52.4999,0.0581077,52.4999,0.0284253,
53,0.00564043,53,0.00563618,53,0.0102949,53,0.0373153,53,0.0586802,53,0.0288544,
53.4999,0.00564611,53.4999,0.00564044,53.4999,0.0104448,53.4999,0.0378842,53.4999,0.059214,53.4999,0.0292866,
53.9999,0.00565257,53.9999,0.00565086,53.9999,0.0105877,53.9999,0.038475,53.9999,0.0597387,53.9999,0.0297028,
54.5,0.0056575,54.5,0.00565866,54.5,0.0107591,54.5,0.0390263,54.5,0.0603065,54.5,0.0301739,
55,0.00566666,55,0.00566388,55,0.0109252,55,0.0395938,55,0.0608705,55,0.0306011,
55.4999,0.00566946,55.4999,0.00567109,55.4999,0.0110977,55.4999,0.0401725,55.4999,0.0613644,55.4999,0.0310809,
55.9999,0.00567115,55.9999,0.00566671,55.9999,0.011271,55.9999,0.0407331,55.9999,0.0618926,55.9999,0.0315593,
56.5,0.0056836,56.5,0.00567957,56.5,0.0114294,56.5,0.0413059,56.5,0.0623874,56.5,0.0319854,
56.9999,0.00569239,56.9999,0.00568982,56.9999,0.0116175,56.9999,0.0418774,56.9999,0.0628853,56.9999,0.0324784,
57.4999,0.00568895,57.4999,0.00568914,57.4999,0.0117767,57.4999,0.0423771,57.4999,0.0634092,57.4999,0.0328954,
58,0.00569618,58,0.00569469,58,0.011966,58,0.0429573,58,0.0639737,58,0.0333049,
58.4999,0.00570032,58.4999,0.00570253,58.4999,0.0121461,58.4999,0.0435075,58.4999,0.0645635,58.4999,0.0337952,
59,0.00571142,59,0.00570508,59,0.0123281,59,0.0441157,59,0.06508,59,0.0342251,
59.4999,0.0057081,59.4999,0.00571134,59.4999,0.0124915,59.4999,0.0446768,59.4999,0.0656138,59.4999,0.0346505,
59.9999,0.00572013,59.9999,0.00571946,59.9999,0.0126918,59.9999,0.045232,59.9999,0.0661593,59.9999,0.0351055,
60.5,0.00572147,60.5,0.00572495,60.5,0.0128528,60.5,0.0457575,60.5,0.066671,60.5,0.035555,
60.9999,0.00572593,60.9999,0.00573017,60.9999,0.0130434,60.9999,0.0463791,60.9999,0.0671847,60.9999,0.036023,
61.4999,0.00573279,61.4999,0.00573336,61.4999,0.0132449,61.4999,0.0469022,61.4999,0.0676767,61.4999,0.0364635,
61.9999,0.00574357,61.9999,0.00573451,61.9999,0.0134419,61.9999,0.0475293,61.9999,0.0681398,61.9999,0.0368696,
62.5,0.0057507,62.5,0.00574306,62.5,0.0136236,62.5,0.0481059,62.5,0.0686445,62.5,0.037326,
63,0.00574825,63,0.0057532,63,0.0138108,63,0.0486254,63,0.0691178,63,0.0377569,
63.5,0.00575644,63.5,0.00575414,63.5,0.0140221,63.5,0.0491988,63.5,0.069657,63.5,0.0382117,
63.9999,0.00575821,63.9999,0.00575866,63.9999,0.014211,63.9999,0.0497851,63.9999,0.070156,63.9999,0.0386508,
64.4999,0.00576639,64.4999,0.00575678,64.4999,0.014406,64.4999,0.0503479,64.4999,0.0706917,64.4999,0.0390926,
64.9999,0.00576566,64.9999,0.00576163,64.9999,0.0146063,64.9999,0.0509,64.9999,0.0712009,64.9999,0.0395262,
65.5,0.00577087,65.5,0.00576719,65.5,0.0147762,65.5,0.0514515,65.5,0.0716954,65.5,0.0399482,
66,0.00577369,66,0.00578174,66,0.0149807,66,0.0520513,66,0.0721796,66,0.040379,
66.4999,0.00577747,66.4999,0.00577898,66.4999,0.0151739,66.4999,0.0526093,66.4999,0.0726935,66.4999,0.0408519,
66.9999,0.00578244,66.9999,0.00578194,66.9999,0.0153884,66.9999,0.053168,66.9999,0.0731555,66.9999,0.0412786,
67.4999,0.005791,67.4999,0.00578828,67.4999,0.0155975,67.4999,0.0537302,67.4999,0.0736363,67.4999,0.0417656,
68,0.0057903,68,0.00578975,68,0.0158278,68,0.0543074,68,0.0740677,68,0.042167,
68.5,0.00580129,68.5,0.00579317,68.5,0.0160326,68.5,0.0549044,68.5,0.0745075,68.5,0.0426353,
68.9999,0.00580437,68.9999,0.00579902,68.9999,0.0162207,68.9999,0.055482,68.9999,0.0749493,68.9999,0.0431002,
69.4999,0.00580568,69.4999,0.00580907,69.4999,0.0164273,69.4999,0.0560377,69.4999,0.0754463,69.4999,0.0435021,
69.9999,0.0058174,69.9999,0.00581503,69.9999,0.0166535,69.9999,0.0566004,69.9999,0.075884,69.9999,0.0439163,
70.5,0.00581147,70.5,0.00581302,70.5,0.0168724,70.5,0.0572188,70.5,0.0763332,70.5,0.044401,
71,0.00582199,71,0.0058203,71,0.0171153,71,0.0577458,71,0.0767518,71,0.0448065,
71.5,0.0058233,71.5,0.00582488,71.5,0.0173287,71.5,0.0583434,71.5,0.0771916,71.5,0.0452608,
71.9999,0.00583089,71.9999,0.00582881,71.9999,0.0175893,71.9999,0.0588594,71.9999,0.0776439,71.9999,0.0456918,
72.5,0.00582429,72.5,0.00583094,72.5,0.0177955,72.5,0.059446,72.5,0.078103,72.5,0.0461484,
72.9999,0.00583155,72.9999,0.00583937,72.9999,0.0180108,72.9999,0.0599729,72.9999,0.0786069,72.9999,0.0465991,
73.4999,0.00583089,73.4999,0.00583854,73.4999,0.0182344,73.4999,0.0605539,73.4999,0.078993,73.4999,0.0470699,
73.9999,0.0058458,73.9999,0.00583811,73.9999,0.0184791,73.9999,0.0611064,73.9999,0.0794654,73.9999,0.0475027,
74.5,0.00584884,74.5,0.00585242,74.5,0.018683,74.5,0.0616783,74.5,0.0799097,74.5,0.0479706,
74.9999,0.00584525,74.9999,0.0058497,74.9999,0.0189354,74.9999,0.062255,74.9999,0.080365,74.9999,0.0483704,
75.5,0.0058545,75.5,0.00585131,75.5,0.0191448,75.5,0.0628259,75.5,0.0807781,75.5,0.0488067,
76,0.00585737,76,0.00585884,76,0.0193738,76,0.0633935,76,0.0811932,76,0.0492249,
76.5,0.00585245,76.5,0.00586648,76.5,0.0196239,76.5,0.0639414,76.5,0.0816411,76.5,0.0496705,
76.9999,0.0058646,76.9999,0.00586222,76.9999,0.0198582,76.9999,0.0645127,76.9999,0.0820396,76.9999,0.0501241,
77.4999,0.00586122,77.4999,0.00586226,77.4999,0.0200842,77.4999,0.0650797,77.4999,0.0824345,77.4999,0.0505635,
77.9999,0.00586832,77.9999,0.00587129,77.9999,0.0203182,77.9999,0.0656922,77.9999,0.0828344,77.9999,0.0510188,
78.5,0.00587016,78.5,0.00586976,78.5,0.0205914,78.5,0.066269,78.5,0.0832096,78.5,0.0514348,
78.9999,0.00587989,78.9999,0.00587725,78.9999,0.0208203,78.9999,0.0667857,78.9999,0.0836948,78.9999,0.0518864,
79.4999,0.00588,79.4999,0.00588304,79.4999,0.0210613,79.4999,0.0673756,79.4999,0.0840989,79.4999,0.0523201,
79.9999,0.00588604,79.9999,0.00588489,79.9999,0.0213133,79.9999,0.0679419,79.9999,0.0845075,79.9999,0.0527793,
80.5,0.0058858,80.5,0.00589054,80.5,0.0215438,80.5,0.0685123,80.5,0.0849289,80.5,0.053182,
80.9999,0.00589016,80.9999,0.00588541,80.9999,0.0217714,80.9999,0.0690884,80.9999,0.0853409,80.9999,0.0536488,
81.4999,0.00588951,81.4999,0.00589603,81.4999,0.0220119,81.4999,0.069629,81.4999,0.085771,81.4999,0.0540427,
81.9999,0.00589806,81.9999,0.00589551,81.9999,0.0222497,81.9999,0.0702174,81.9999,0.0861937,81.9999,0.0544565,
82.4999,0.00589892,82.4999,0.00590397,82.4999,0.0225324,82.4999,0.0707905,82.4999,0.0865956,82.4999,0.0548853,
82.9999,0.00590612,82.9999,0.00590731,82.9999,0.022794,82.9999,0.0713362,82.9999,0.0869716,82.9999,0.0553187,
83.5,0.00590314,83.5,0.0059039,83.5,0.0230131,83.5,0.0719077,83.5,0.0873603,83.5,0.0557285,
83.9999,0.00590727,83.9999,0.00590902,83.9999,0.0232564,83.9999,0.0724857,83.9999,0.0877739,83.9999,0.0561448,
84.4999,0.00591043,84.4999,0.00591628,84.4999,0.0235176,84.4999,0.0730603,84.4999,0.0881736,84.4999,0.0566048,
84.9999,0.00591272,84.9999,0.00591251,84.9999,0.023779,84.9999,0.073626,84.9999,0.088557,84.9999,0.057069,
85.4999,0.00592583,85.4999,0.00591915,85.4999,0.0240361,85.4999,0.0741954,85.4999,0.0889952,85.4999,0.0574814,
85.9999,0.00592033,85.9999,0.00591573,85.9999,0.0242748,85.9999,0.0748167,85.9999,0.0894111,85.9999,0.0578702,
86.5,0.00592597,86.5,0.00592691,86.5,0.0245302,86.5,0.075373,86.5,0.0897685,86.5,0.0583791,
87,0.00592175,87,0.00592057,87,0.0248118,87,0.0758898,87,0.0901631,87,0.0588218,
87.5,0.00592439,87.5,0.00592564,87.5,0.0250733,87.5,0.0764085,87.5,0.0905429,87.5,0.0592304,
87.9999,0.00592825,87.9999,0.00593528,87.9999,0.0253598,87.9999,0.0769893,87.9999,0.0909388,87.9999,0.0596395,
88.4999,0.00593531,88.4999,0.00593129,88.4999,0.0256159,88.4999,0.077507,88.4999,0.0912722,88.4999,0.060068,
88.9999,0.00593667,88.9999,0.00593723,88.9999,0.0259054,88.9999,0.0780265,88.9999,0.0916653,88.9999,0.0605157,
89.4999,0.00594547,89.4999,0.00594197,89.4999,0.0261435,89.4999,0.0785915,89.4999,0.0920146,89.4999,0.0609358,
89.9999,0.00594847,89.9999,0.00593711,89.9999,0.026432,89.9999,0.0791715,89.9999,0.0924094,89.9999,0.0613498,
90.4999,0.00594748,90.4999,0.00594292,90.4999,0.0266566,90.4999,0.0797585,90.4999,0.0928243,90.4999,0.0617669,
90.9999,0.00595219,90.9999,0.00595445,90.9999,0.0269181,90.9999,0.0803427,90.9999,0.0931449,90.9999,0.0622034,
91.4999,0.00594861,91.4999,0.00594914,91.4999,0.0272047,91.4999,0.0809182,91.4999,0.0935892,91.4999,0.0626462,
91.9999,0.00595422,91.9999,0.00595508,91.9999,0.0274952,91.9999,0.0814341,91.9999,0.093922,91.9999,0.0630505,
92.5,0.00595075,92.5,0.00595667,92.5,0.0277555,92.5,0.0820463,92.5,0.0942806,92.5,0.0634596,
93,0.00596095,93,0.00596027,93,0.0280243,93,0.082621,93,0.0946674,93,0.0638336,
93.4999,0.00595801,93.4999,0.00595843,93.4999,0.0283072,93.4999,0.0832455,93.4999,0.0950063,93.4999,0.0642766,
93.9999,0.00596146,93.9999,0.00596688,93.9999,0.0285783,93.9999,0.0837931,93.9999,0.0953433,93.9999,0.0646715,
94.4999,0.00596309,94.4999,0.0059596,94.4999,0.0288643,94.4999,0.084359,94.4999,0.0957526,94.4999,0.0650957,
94.9999,0.00597151,94.9999,0.00596648,94.9999,0.0291526,94.9999,0.0849191,94.9999,0.0960869,94.9999,0.0654927,
95.4999,0.00596984,95.4999,0.00597044,95.4999,0.0294485,95.4999,0.0854932,95.4999,0.096408,95.4999,0.0658842,
95.9999,0.00596984,95.9999,0.00597067,95.9999,0.0297477,95.9999,0.0860367,95.9999,0.0967619,95.9999,0.066296,
96.4999,0.00597795,96.4999,0.0059675,96.4999,0.0300493,96.4999,0.0866237,96.4999,0.0971325,96.4999,0.0667043,
96.9999,0.00597013,96.9999,0.00597157,96.9999,0.0303299,96.9999,0.0871472,96.9999,0.0974689,96.9999,0.0671259,
97.5,0.00597318,97.5,0.00597441,97.5,0.0306163,97.5,0.087682,97.5,0.0977731,97.5,0.0675739,
97.9999,0.00597823,97.9999,0.00598156,97.9999,0.0309287,97.9999,0.0882634,97.9999,0.0981181,97.9999,0.0679596,
98.5,0.0059823,98.5,0.00598335,98.5,0.0312008,98.5,0.0888206,98.5,0.0984317,98.5,0.068354,
99,0.00598,99,0.00599116,99,0.0315177,99,0.0893866,99,0.0987839,99,0.0687605,
99.4999,0.00598176,99.4999,0.00598696,99.4999,0.0317937,99.4999,0.0899326,99.4999,0.099105,99.4999,0.0691724,
99.9999,0.0059937,99.9999,0.00598652,99.9999,0.0320778,99.9999,0.0905219,99.9999,0.0994091,99.9999,0.0695855,
100.5,0.00599174,100.5,0.0059887,100.5,0.0323681,100.5,0.0911096,100.5,0.0997921,100.5,0.0699816,
101,0.00599002,101,0.00599119,101,0.0326572,101,0.0916633,101,0.10012,101,0.0703577,
101.5,0.00599518,101.5,0.0059941,101.5,0.0329692,101.5,0.0921935,101.5,0.100458,101.5,0.0707724,
102,0.00599726,102,0.00599558,102,0.0332609,102,0.0927648,102,0.100772,102,0.0711631,
102.5,0.00599991,102.5,0.00599607,102.5,0.0335844,102.5,0.0932943,102.5,0.101099,102.5,0.0716407,
103,0.00600071,103,0.00599936,103,0.0338664,103,0.0938345,103,0.101411,103,0.072049,
103.5,0.00600208,103.5,0.00600404,103.5,0.0341666,103.5,0.0944513,103.5,0.101749,103.5,0.0724153,
104,0.00600652,104,0.00600497,104,0.0344437,104,0.0950259,104,0.102061,104,0.0728354,
104.5,0.0059992,104.5,0.00600225,104.5,0.0347425,104.5,0.0955954,104.5,0.102391,104.5,0.0732359,
105,0.0060117,105,0.00600744,105,0.0350604,105,0.0961699,105,0.102717,105,0.0736493,
105.5,0.0060036,105.5,0.00600937,105.5,0.0353893,105.5,0.0967122,105.5,0.103011,105.5,0.0740302,
106,0.00601223,106,0.00600889,106,0.0356968,106,0.09729,106,0.103302,106,0.0744204,
106.5,0.00601257,106.5,0.00601353,106.5,0.0359996,106.5,0.0978217,106.5,0.103607,106.5,0.0747925,
107,0.00601259,107,0.00600957,107,0.0363012,107,0.0984173,107,0.10393,107,0.0751865,
107.5,0.00601373,107.5,0.00601651,107.5,0.0366232,107.5,0.0989426,107.5,0.10427,107.5,0.0755717,
108,0.0060191,108,0.00602026,108,0.0369318,108,0.0995328,108,0.104547,108,0.0759682,
108.5,0.00602201,108.5,0.00602034,108.5,0.0372167,108.5,0.100051,108.5,0.104833,108.5,0.0763894,
109,0.00601636,109,0.00601469,109,0.0375363,109,0.100602,109,0.105153,109,0.0767795,
109.5,0.00601728,109.5,0.00602223,109.5,0.0378624,109.5,0.101172,109.5,0.105481,109.5,0.0771256,
110,0.0060228,110,0.00602261,110,0.0381721,110,0.101724,110,0.105758,110,0.0775575,
110.5,0.00602592,110.5,0.0060243,110.5,0.038482,110.5,0.1023,110.5,0.106071,110.5,0.077931,
111,0.00603064,111,0.00603107,111,0.038841,111,0.102818,111,0.106379,111,0.078331,
111.5,0.0060295,111.5,0.00602994,111.5,0.0391733,111.5,0.10335,111.5,0.106638,111.5,0.078737,
112,0.00603472,112,0.00603047,112,0.039478,112,0.103902,112,0.106909,112,0.0791211,
112.5,0.00603597,112.5,0.00602984,112.5,0.0398339,112.5,0.10441,112.5,0.107175,112.5,0.0794445,
113,0.00603227,113,0.00603413,113,0.0401646,113,0.105017,113,0.107456,113,0.0798449,
113.5,0.00603695,113.5,0.00603729,113.5,0.0405136,113.5,0.105584,113.5,0.107724,113.5,0.0802118,
114,0.00603651,114,0.00603853,114,0.0408466,114,0.106121,114,0.107963,114,0.0805831,
114.5,0.00603887,114.5,0.00604249,114.5,0.0412097,114.5,0.106658,114.5,0.108246,114.5,0.0809497,
115,0.0060378,115,0.00603885,115,0.0415649,115,0.107208,115,0.10855,115,0.081344,
115.5,0.00604084,115.5,0.00604362,115.5,0.0418931,115.5,0.107735,115.5,0.10878,115.5,0.0817305,
116,0.00604304,116,0.00604971,116,0.0422367,116,0.108278,116,0.109092,116,0.0820857,
116.5,0.00603961,116.5,0.00603869,116.5,0.0425802,116.5,0.10887,116.5,0.109386,116.5,0.0824433,
117,0.00604226,117,0.00604258,117,0.0428935,117,0.109369,117,0.109632,117,0.0828273,
117.5,0.00604232,117.5,0.00604253,117.5,0.0432411,117.5,0.109948,117.5,0.109925,117.5,0.0831746,
118,0.00604718,118,0.00605012,118,0.0436063,118,0.11053,118,0.11017,118,0.0835606,
118.5,0.00604765,118.5,0.0060461,118.5,0.0439353,118.5,0.111092,118.5,0.110472,118.5,0.0839169,
119,0.00605375,119,0.00604698,119,0.0442889,119,0.111595,119,0.110732,119,0.0842742,
119.5,0.00605044,119.5,0.00604931,119.5,0.044653,119.5,0.112116,119.5,0.111012,119.5,0.0846499,
120,0.0060572,120,0.00604874,120,0.0450008,120,0.112667,120,0.111272,120,0.0849818,
120.5,0.00605585,120.5,0.00605357,120.5,0.045366,120.5,0.113278,120.5,0.111516,120.5,0.0853205,
121,0.00606081,121,0.00605144,121,0.0457208,121,0.113821,121,0.111782,121,0.0857113,
121.5,0.00605766,121.5,0.00605848,121.5,0.0460876,121.5,0.114321,121.5,0.112015,121.5,0.0860793,
122,0.00606242,122,0.00605345,122,0.0464659,122,0.114907,122,0.112306,122,0.0864412,
122.5,0.00606024,122.5,0.00605479,122.5,0.0468092,122.5,0.115428,122.5,0.112566,122.5,0.0867864,
123,0.00605834,123,0.006053,123,0.0471466,123,0.115986,123,0.112793,123,0.0871075,
123.5,0.00605787,123.5,0.00606212,123.5,0.0475197,123.5,0.116518,123.5,0.113028,123.5,0.0874951,
124,0.00606498,124,0.00606191,124,0.0478817,124,0.117056,124,0.113262,124,0.0878496,
124.5,0.00606346,124.5,0.00606795,124.5,0.0482862,124.5,0.117602,124.5,0.113488,124.5,0.0881965,
125,0.00606851,125,0.00606986,125,0.0486523,125,0.118114,125,0.113723,125,0.0885403,
125.5,0.00607009,125.5,0.00606524,125.5,0.0490208,125.5,0.118637,125.5,0.113965,125.5,0.0888483,
126,0.00607343,126,0.0060717,126,0.0494293,126,0.119153,126,0.114178,126,0.0891959,
126.5,0.00606774,126.5,0.006067,126.5,0.0498118,126.5,0.11971,126.5,0.114376,126.5,0.0895458,
127,0.0060705,127,0.00607236,127,0.0502168,127,0.120268,127,0.114676,127,0.0898326,
127.5,0.00607176,127.5,0.00607737,127.5,0.0505908,127.5,0.120755,127.5,0.114915,127.5,0.0902095,
128,0.00607338,128,0.00607522,128,0.0509555,128,0.121241,128,0.115098,128,0.0905464,
128.5,0.00607045,128.5,0.00607542,128.5,0.0513424,128.5,0.121821,128.5,0.115338,128.5,0.0908668,
129,0.00607514,129,0.00607071,129,0.0517273,129,0.122377,129,0.115569,129,0.0912062,
129.5,0.00607532,129.5,0.00607444,129.5,0.0520862,129.5,0.122881,129.5,0.115789,129.5,0.0915249,
130,0.00607438,130,0.00607142,130,0.052501,130,0.123416,130,0.116026,130,0.0918583,
130.5,0.00607639,130.5,0.00607243,130.5,0.0528905,130.5,0.123962,130.5,0.116256,130.5,0.0921643,
131,0.00608223,131,0.00608404,131,0.0533291,131,0.124492,131,0.116482,131,0.0924807,
131.5,0.00607756,131.5,0.0060832,131.5,0.0537123,131.5,0.125018,131.5,0.116677,131.5,0.0928435,
132,0.00608184,132,0.00608673,132,0.0541548,132,0.125503,132,0.11688,132,0.0931667,
132.5,0.00608263,132.5,0.00608278,132.5,0.0545271,132.5,0.126019,132.5,0.117135,132.5,0.0934182,
133,0.00608168,133,0.00608846,133,0.0549299,133,0.126539,133,0.117368,133,0.0937488,
133.5,0.00608266,133.5,0.00609082,133.5,0.0553528,133.5,0.127055,133.5,0.117585,133.5,0.0940475,
134,0.00608032,134,0.00609043,134,0.0557851,134,0.12755,134,0.117767,134,0.0943252,
134.5,0.00608874,134.5,0.00609154,134.5,0.056185,134.5,0.128085,134.5,0.117965,134.5,0.0946149,
135,0.0060782,135,0.00609102,135,0.0566061,135,0.128618,135,0.118196,135,0.0949231,
135.5,0.00608296,135.5,0.00608621,135.5,0.0570451,135.5,0.129134,135.5,0.118368,135.5,0.0952677,
136,0.00608994,136,0.00609542,136,0.0575063,136,0.129625,136,0.118539,136,0.0955909,
136.5,0.00608163,136.5,0.00609059,136.5,0.0579157,136.5,0.130101,136.5,0.118744,136.5,0.0958478,
137,0.00608905,137,0.0060924,137,0.0583923,137,0.130586,137,0.118926,137,0.0962037,
137.5,0.00608769,137.5,0.00610077,137.5,0.0588342,137.5,0.131093,137.5,0.119118,137.5,0.0965057,
138,0.00609326,138,0.00609479,138,0.0592723,138,0.131636,138,0.119324,138,0.0967792,
138.5,0.00609391,138.5,0.0060958,138.5,0.059654,138.5,0.132073,138.5,0.11949,138.5,0.0971152,
139,0.00608982,139,0.00609735,139,0.0601332,139,0.132568,139,0.119692,139,0.0973892,
139.5,0.00609283,139.5,0.0060983,139.5,0.0605796,139.5,0.133054,139.5,0.119875,139.5,0.0976866,
140,0.00609414,140,0.00609592,140,0.061022,140,0.133574,140,0.12007,140,0.0979577,
140.5,0.00609119,140.5,0.00609453,140.5,0.0614929,140.5,0.134089,140.5,0.120263,140.5,0.0982431,
141,0.00609543,141,0.00609819,141,0.0619525,141,0.13455,141,0.120427,141,0.0985249,
141.5,0.00609002,141.5,0.00610087,141.5,0.0624276,141.5,0.135046,141.5,0.120622,141.5,0.0988416,
142,0.00609005,142,0.00609579,142,0.0628742,142,0.135547,142,0.120808,142,0.0991109,
142.5,0.00608811,142.5,0.00609955,142.5,0.0633636,142.5,0.136004,142.5,0.120953,142.5,0.0993555,
143,0.00608933,143,0.00610137,143,0.0638286,143,0.136463,143,0.121193,143,0.0996396,
143.5,0.00609336,143.5,0.0061017,143.5,0.0643132,143.5,0.136899,143.5,0.121327,143.5,0.0999057,
144,0.00608539,144,0.00609978,144,0.0647942,144,0.137361,144,0.121468,144,0.100181,
144.5,0.0060882,144.5,0.00610689,144.5,0.0653008,144.5,0.137894,144.5,0.121641,144.5,0.100442,
145,0.00608763,145,0.00610615,145,0.0657992,145,0.138316,145,0.121805,145,0.100702,
145.5,0.006093,145.5,0.00610106,145.5,0.0662792,145.5,0.138737,145.5,0.121961,145.5,0.10097,
146,0.00609311,146,0.00610669,146,0.0667911,146,0.139204,146,0.122118,146,0.101217,
146.5,0.00609339,146.5,0.00610358,146.5,0.0673384,146.5,0.139672,146.5,0.122262,146.5,0.101446,
147,0.0060966,147,0.00610665,147,0.067827,147,0.140103,147,0.122421,147,0.101705,
147.5,0.00609588,147.5,0.00610629,147.5,0.0683454,147.5,0.14053,147.5,0.122576,147.5,0.101912,
148,0.00609477,148,0.00610504,148,0.0688853,148,0.140978,148,0.122719,148,0.102183,
148.5,0.00608803,148.5,0.00610018,148.5,0.0694404,148.5,0.141427,148.5,0.122867,148.5,0.102401,
149,0.00609757,149,0.00610748,149,0.0699766,149,0.141859,149,0.123024,149,0.102645,
149.5,0.00608633,149.5,0.00610166,149.5,0.0705388,149.5,0.142302,149.5,0.123166,149.5,0.102866,
150,0.00609404,150,0.00610709,150,0.0711106,150,0.142755,150,0.123319,150,0.103094,
150.5,0.00609257,150.5,0.0061114,150.5,0.0716386,150.5,0.143194,150.5,0.123471,150.5,0.103293,
151,0.00609071,151,0.0061045,151,0.0721791,151,0.143556,151,0.123604,151,0.103524,
151.5,0.00609377,151.5,0.00610601,151.5,0.0727179,151.5,0.143975,151.5,0.123738,151.5,0.103771,
152,0.00609704,152,0.00611205,152,0.0732898,152,0.144401,152,0.12386,152,0.103992,
152.5,0.00609231,152.5,0.00610133,152.5,0.0738563,152.5,0.144824,152.5,0.124023,152.5,0.104215,
153,0.00609574,153,0.00611027,153,0.0744499,153,0.145218,153,0.124175,153,0.104408,
153.5,0.00608742,153.5,0.0061022,153.5,0.0749954,153.5,0.145615,153.5,0.124296,153.5,0.104597,
154,0.00609515,154,0.00610498,154,0.075584,154,0.145978,154,0.124427,154,0.104815,
154.5,0.00609085,154.5,0.00610715,154.5,0.0762085,154.5,0.146388,154.5,0.124568,154.5,0.105013,
155,0.00609402,155,0.00610656,155,0.0768087,155,0.146767,155,0.124683,155,0.105151,
155.5,0.00608967,155.5,0.00610616,155.5,0.0774291,155.5,0.147088,155.5,0.124821,155.5,0.105367,
156,0.00609212,156,0.00609918,156,0.0780538,156,0.147501,156,0.124908,156,0.10555,
156.5,0.00609143,156.5,0.0060965,156.5,0.078653,156.5,0.147883,156.5,0.125037,156.5,0.105722,
157,0.00609421,157,0.00610201,157,0.0792703,157,0.148218,157,0.125161,157,0.105919,
157.5,0.00608718,157.5,0.00610603,157.5,0.0798973,157.5,0.148578,157.5,0.125258,157.5,0.106073,
158,0.00608695,158,0.00610648,158,0.0805475,158,0.148932,158,0.12536,158,0.106232,
158.5,0.00608654,158.5,0.00610108,158.5,0.0812011,158.5,0.149282,158.5,0.125439,158.5,0.106426,
159,0.00608689,159,0.0061028,159,0.0818692,159,0.149603,159,0.125543,159,0.106593,
159.5,0.00608694,159.5,0.00610768,159.5,0.0825669,159.5,0.149921,159.5,0.125659,159.5,0.106777,
160,0.00608243,160,0.00609832,160,0.0832007,160,0.150264,160,0.125759,160,0.106934,
160.5,0.00608298,160.5,0.00610662,160.5,0.0838704,160.5,0.150557,160.5,0.125847,160.5,0.107086,
161,0.00608433,161,0.00609967,161,0.0846149,161,0.150881,161,0.125942,161,0.107229,
161.5,0.00608674,161.5,0.00609462,161.5,0.085292,161.5,0.151167,161.5,0.126052,161.5,0.107369,
162,0.0060782,162,0.00609516,162,0.086018,162,0.151445,162,0.12614,162,0.107505,
162.5,0.00607995,162.5,0.0060968,162.5,0.0867771,162.5,0.151718,162.5,0.126217,162.5,0.107641,
163,0.00607317,163,0.00609726,163,0.0875037,163,0.152006,163,0.126297,163,0.107772,
163.5,0.00607822,163.5,0.00609666,163.5,0.0882602,163.5,0.152271,163.5,0.126368,163.5,0.107907,
164,0.00607964,164,0.00609427,164,0.0889837,164,0.152515,164,0.126438,164,0.108022,
164.5,0.00607469,164.5,0.0060916,164.5,0.0897601,164.5,0.152776,164.5,0.126522,164.5,0.108121,
165,0.0060732,165,0.00609242,165,0.0905369,165,0.153,165,0.126588,165,0.108217,
165.5,0.00606948,165.5,0.00608338,165.5,0.0913266,165.5,0.153243,165.5,0.126661,165.5,0.108304,
166,0.00606663,166,0.0060862,166,0.0921131,166,0.153459,166,0.126743,166,0.108407,
166.5,0.00606396,166.5,0.00608305,166.5,0.092879,166.5,0.153699,166.5,0.12679,166.5,0.108515,
167,0.00606433,167,0.00607745,167,0.093701,167,0.153901,167,0.126835,167,0.108617,
167.5,0.00606056,167.5,0.00608286,167.5,0.0945194,167.5,0.154109,167.5,0.126903,167.5,0.108704,
168,0.00605001,168,0.00607176,168,0.095341,168,0.154321,168,0.126955,168,0.108748,
168.5,0.00605846,168.5,0.00607414,168.5,0.0961943,168.5,0.154491,168.5,0.127025,168.5,0.108845,
169,0.00604886,169,0.00607064,169,0.0970485,169,0.154671,169,0.127063,169,0.108932,
169.5,0.00604614,169.5,0.0060734,169.5,0.0979263,169.5,0.154818,169.5,0.127121,169.5,0.108994,
170,0.00604663,170,0.00607514,170,0.0987619,170,0.155003,170,0.127183,170,0.109046,
170.5,0.00604784,170.5,0.00607206,170.5,0.0996275,170.5,0.155154,170.5,0.127222,170.5,0.109113,
171,0.00604476,171,0.00606306,171,0.100534,171,0.155252,171,0.127264,171,0.109188,
171.5,0.00604481,171.5,0.00606731,171.5,0.101439,171.5,0.155407,171.5,0.1273,171.5,0.109247,
172,0.00603601,172,0.00605659,172,0.102339,172,0.155538,172,0.127323,172,0.109273,
172.5,0.00603793,172.5,0.0060609,172.5,0.103244,172.5,0.15565,172.5,0.12735,172.5,0.109326,
173,0.00603493,173,0.00604753,173,0.104174,173,0.155758,173,0.12736,173,0.109369,
173.5,0.00602941,173.5,0.00604935,173.5,0.105157,173.5,0.155859,173.5,0.1274,173.5,0.109413,
174,0.00602546,174,0.00604167,174,0.106108,174,0.155953,174,0.127428,174,0.109444,
174.5,0.0060204,174.5,0.00603551,174.5,0.107037,174.5,0.156042,174.5,0.12746,174.5,0.109473,
175,0.00601601,175,0.00603608,175,0.10798,175,0.15614,175,0.127487,175,0.109515,
175.5,0.00601991,175.5,0.00603313,175.5,0.108935,175.5,0.156196,175.5,0.12749,175.5,0.109541,
176,0.00601334,176,0.00603265,176,0.109937,176,0.156247,176,0.127501,176,0.10955,
176.5,0.0060106,176.5,0.00602836,176.5,0.110943,176.5,0.15629,176.5,0.127524,176.5,0.10957,
177,0.00600907,177,0.00602572,177,0.111936,177,0.156332,177,0.127542,177,0.109575,
177.5,0.0060009,177.5,0.0060197,177.5,0.112921,177.5,0.156394,177.5,0.12754,177.5,0.109591,
178,0.00600099,178,0.00601309,178,0.113948,178,0.156437,178,0.12756,178,0.109602,
178.5,0.00598983,178.5,0.00600997,178.5,0.114964,178.5,0.156445,178.5,0.127566,178.5,0.109611,
179,0.00598236,179,0.0060025,179,0.115993,179,0.156467,179,0.127583,179,0.109621,
179.5,0.00597907,179.5,0.00599316,179.5,0.116999,179.5,0.156489,179.5,0.127579,179.5,0.109631,
180,0.00597072,180,0.00600021,180,0.117999,180,0.156498,180,0.127592,180,0.109638,
180.5,0.0059677,180.5,0.00599177,180.5,0.119063,180.5,0.156516,180.5,0.127604,180.5,0.109644,
181,0.00596027,181,0.00598809,181,0.120092,181,0.156534,181,0.127603,181,0.109654,
181.5,0.00595409,181.5,0.00597854,181.5,0.121107,181.5,0.15654,181.5,0.127593,181.5,0.109649,
182,0.00595124,182,0.00597291,182,0.122157,182,0.156544,182,0.127597,182,0.109657,
182.5,0.00594669,182.5,0.0059687,182.5,0.123207,182.5,0.156568,182.5,0.127603,182.5,0.109655,
183,0.00593742,183,0.00597131,183,0.12426,183,0.156564,183,0.127606,183,0.109655,
183.5,0.00593029,183.5,0.00595623,183.5,0.1253,183.5,0.15656,183.5,0.127605,183.5,0.109659,
184,0.00592986,184,0.00595142,184,0.126343,184,0.156575,184,0.127604,184,0.109659,
184.5,0.00592572,184.5,0.00594698,184.5,0.127432,184.5,0.156562,184.5,0.127604,184.5,0.109646,
185,0.00591032,185,0.00593367,185,0.128463,185,0.15656,185,0.127599,185,0.109645,
185.5,0.00590862,185.5,0.00593209,185.5,0.129528,185.5,0.156564,185.5,0.127594,185.5,0.109639,
186,0.00590021,186,0.00592281,186,0.130569,186,0.15656,186,0.127591,186,0.109632,
186.5,0.00589871,186.5,0.00591762,186.5,0.131592,186.5,0.156554,186.5,0.127587,186.5,0.109626,
187,0.00588846,187,0.0059106,187,0.132646,187,0.156562,187,0.127582,187,0.109623,
187.5,0.00588276,187.5,0.00590304,187.5,0.133669,187.5,0.156536,187.5,0.127568,187.5,0.109618,
188,0.00588365,188,0.00590243,188,0.134697,188,0.156536,188,0.127561,188,0.109615,
188.5,0.00586525,188.5,0.00589573,188.5,0.135786,188.5,0.156523,188.5,0.127564,188.5,0.109605,
189,0.0058568,189,0.0058929,189,0.136778,189,0.15652,189,0.12754,189,0.109599,
189.5,0.00584412,189.5,0.00587402,189.5,0.137862,189.5,0.156504,189.5,0.127541,189.5,0.109585,
190,0.00584993,190,0.00587024,190,0.138867,190,0.156504,190,0.127538,190,0.109579,
190.5,0.00583894,190.5,0.00586006,190.5,0.139896,190.5,0.156493,190.5,0.127528,190.5,0.109569,
191,0.00582986,191,0.00584699,191,0.140926,191,0.156478,191,0.127516,191,0.109556,
191.5,0.00581889,191.5,0.00584159,191.5,0.141917,191.5,0.156467,191.5,0.127499,191.5,0.109551,
192,0.00581156,192,0.00583495,192,0.142947,192,0.156449,192,0.127496,192,0.109542,
192.5,0.00580393,192.5,0.00582358,192.5,0.14395,192.5,0.156459,192.5,0.127487,192.5,0.109526,
193,0.00579274,193,0.00581577,193,0.144979,193,0.156445,193,0.127476,193,0.109529,
193.5,0.00579087,193.5,0.00581232,193.5,0.14601,193.5,0.156431,193.5,0.127468,193.5,0.109515,
194,0.00578237,194,0.00580654,194,0.147043,194,0.156425,194,0.127464,194,0.109511,
194.5,0.00577253,194.5,0.00579445,194.5,0.147964,194.5,0.156409,194.5,0.127456,194.5,0.109495,
195,0.00576449,195,0.00578793,195,0.149001,195,0.156402,195,0.12744,195,0.109489,
195.5,0.00574865,195.5,0.00577337,195.5,0.149971,195.5,0.156382,195.5,0.127437,195.5,0.109477,
196,0.00573959,196,0.00576018,196,0.150948,196,0.156377,196,0.12742,196,0.109461,
196.5,0.0057349,196.5,0.00575402,196.5,0.151926,196.5,0.156362,196.5,0.127409,196.5,0.109451,
197,0.00572775,197,0.00574264,197,0.1529,197,0.156356,197,0.127397,197,0.109442,
197.5,0.00571476,197.5,0.00573867,197.5,0.153817,197.5,0.156347,197.5,0.12739,197.5,0.109435,
198,0.00570307,198,0.0057275,198,0.154791,198,0.156336,198,0.127378,198,0.109423,
198.5,0.00569907,198.5,0.0057187,198.5,0.15573,198.5,0.156325,198.5,0.127363,198.5,0.109412,
199,0.00568735,199,0.00571428,199,0.156665,199,0.156314,199,0.127358,199,0.109398,
199.5,0.00567242,199.5,0.00569728,199.5,0.157601,199.5,0.156297,199.5,0.127345,199.5,0.109386,
200,0.00566684,200,0.00569184,200,0.158514,200,0.156291,200,0.127333,200,0.109382,
200.5,0.00565768,200.5,0.00568352,200.5,0.15943,200.5,0.156275,200.5,0.127319,200.5,0.109366,
201,0.00564869,201,0.00567018,201,0.160363,201,0.156263,201,0.127308,201,0.109359,
201.5,0.00564209,201.5,0.00565189,201.5,0.161248,201.5,0.156248,201.5,0.127297,201.5,0.109345,
202,0.00562741,202,0.00565102,202,0.162146,202,0.15624,202,0.127285,202,0.109335,
202.5,0.00560925,202.5,0.00562993,202.5,0.163013,202.5,0.15622,202.5,0.12727,202.5,0.109321,
203,0.00560175,203,0.00562311,203,0.163889,203,0.15621,203,0.127262,203,0.109307,
203.5,0.00558897,203.5,0.00561374,203.5,0.164759,203.5,0.1562,203.5,0.127254,203.5,0.109295,
204,0.00557055,204,0.00559757,204,0.165626,204,0.156184,204,0.127231,204,0.109283,
204.5,0.00557202,204.5,0.00558841,204.5,0.166458,204.5,0.156168,204.5,0.127217,204.5,0.109272,
205,0.00555573,205,0.00557894,205,0.167279,205,0.156163,205,0.127206,205,0.109254,
205.5,0.00554545,205.5,0.00556927,205.5,0.16808,205.5,0.156147,205.5,0.127203,205.5,0.109244,
206,0.00553116,206,0.00556294,206,0.168884,206,0.15613,206,0.127177,206,0.109226,
206.5,0.00551891,206.5,0.00554239,206.5,0.169719,206.5,0.156125,206.5,0.127167,206.5,0.109222,
207,0.00551816,207,0.00553007,207,0.17054,207,0.156109,207,0.127155,207,0.109205,
207.5,0.00549793,207.5,0.00551875,207.5,0.171305,207.5,0.156093,207.5,0.127148,207.5,0.109195,
208,0.00548621,208,0.00550833,208,0.172096,208,0.156087,208,0.12713,208,0.109172,
208.5,0.00547981,208.5,0.00549387,208.5,0.172847,208.5,0.156071,208.5,0.127116,208.5,0.109165,
209,0.00546133,209,0.00548218,209,0.173597,209,0.156052,209,0.1271,209,0.109146,
209.5,0.00544657,209.5,0.0054724,209.5,0.174328,209.5,0.156029,209.5,0.127089,209.5,0.109142,
210,0.00544071,210,0.00545358,210,0.175032,210,0.156023,210,0.12707,210,0.109128,
210.5,0.00542066,210.5,0.00544248,210.5,0.175804,210.5,0.156003,210.5,0.127062,210.5,0.109116,
211,0.00540922,211,0.00542892,211,0.176509,211,0.155985,211,0.127043,211,0.109096,
211.5,0.00539944,211.5,0.00541905,211.5,0.177214,211.5,0.155975,211.5,0.127024,211.5,0.109082,
212,0.00538539,212,0.00540983,212,0.177906,212,0.155965,212,0.127025,212,0.109074,
212.5,0.00536863,212.5,0.005394,212.5,0.178593,212.5,0.155943,212.5,0.127002,212.5,0.109049,
213,0.0053544,213,0.00537439,213,0.179249,213,0.155937,213,0.126991,213,0.109041,
213.5,0.00534149,213.5,0.00536462,213.5,0.179916,213.5,0.15592,213.5,0.126972,213.5,0.109028,
214,0.00533033,214,0.00536081,214,0.180581,214,0.155906,214,0.126959,214,0.109007,
214.5,0.00531961,214.5,0.00533968,214.5,0.181204,214.5,0.155884,214.5,0.126942,214.5,0.108996,
215,0.00530388,215,0.00532742,215,0.18185,215,0.155865,215,0.126924,215,0.108974,
215.5,0.00528941,215.5,0.00531241,215.5,0.182464,215.5,0.155854,215.5,0.126911,215.5,0.108962,
216,0.00527516,216,0.00529373,216,0.183047,216,0.155835,216,0.126891,216,0.10896,
216.5,0.00526302,216.5,0.00528558,216.5,0.183639,216.5,0.155813,216.5,0.126873,216.5,0.10893,
217,0.00524192,217,0.00526702,217,0.184232,217,0.155804,217,0.126861,217,0.108913,
217.5,0.0052359,217.5,0.00526077,217.5,0.184795,217.5,0.155796,217.5,0.126844,217.5,0.1089,
218,0.0052177,218,0.00523876,218,0.185342,218,0.155773,218,0.126829,218,0.108888,
218.5,0.0052092,218.5,0.0052333,218.5,0.185897,218.5,0.155762,218.5,0.126814,218.5,0.10887,
219,0.00518668,219,0.00522008,219,0.186432,219,0.155745,219,0.126799,219,0.108854,
219.5,0.00518084,219.5,0.00520485,219.5,0.186931,219.5,0.155726,219.5,0.126788,219.5,0.108847,
220,0.00516578,220,0.0051901,220,0.187466,220,0.155706,220,0.126762,220,0.108823,
220.5,0.00515556,220.5,0.00517296,220.5,0.187977,220.5,0.155695,220.5,0.126757,220.5,0.108815,
221,0.00513439,221,0.00515787,221,0.188473,221,0.155673,221,0.126738,221,0.108794,
221.5,0.00512735,221.5,0.00515068,221.5,0.188959,221.5,0.155656,221.5,0.126723,221.5,0.108773,
222,0.00511228,222,0.00513534,222,0.189429,222,0.155636,222,0.126704,222,0.108754,
222.5,0.0050974,222.5,0.00511499,222.5,0.189895,222.5,0.155625,222.5,0.126694,222.5,0.108748,
223,0.00508266,223,0.00510079,223,0.190362,223,0.155614,223,0.126677,223,0.108729,
223.5,0.00506138,223.5,0.0050854,223.5,0.190816,223.5,0.155597,223.5,0.126654,223.5,0.108712,
224,0.00505111,224,0.00507207,224,0.191263,224,0.155576,224,0.126637,224,0.108697,
224.5,0.00503718,224.5,0.0050627,224.5,0.19167,224.5,0.155553,224.5,0.126625,224.5,0.108678,
225,0.00501475,225,0.00504356,225,0.192047,225,0.155542,225,0.126608,225,0.108665,
225.5,0.0050055,225.5,0.00503097,225.5,0.192463,225.5,0.155524,225.5,0.126592,225.5,0.108652,
226,0.00499303,226,0.00500988,226,0.192842,226,0.155499,226,0.126578,226,0.108632,
226.5,0.00497953,226.5,0.00499853,226.5,0.193253,226.5,0.155483,226.5,0.126548,226.5,0.108614,
227,0.00495982,227,0.00498312,227,0.193625,227,0.155465,227,0.126543,227,0.108595,
227.5,0.00494627,227.5,0.00496124,227.5,0.193992,227.5,0.155443,227.5,0.126524,227.5,0.108578,
228,0.00492419,228,0.00494968,228,0.194335,228,0.155423,228,0.126503,228,0.108562,
228.5,0.0049226,228.5,0.00494076,228.5,0.194662,228.5,0.155409,228.5,0.126483,228.5,0.108547,
229,0.00490254,229,0.00492764,229,0.194992,229,0.155396,229,0.126466,229,0.108529,
229.5,0.00488622,229.5,0.00491186,229.5,0.195298,229.5,0.155376,229.5,0.126454,229.5,0.108512,
230,0.00487338,230,0.00489691,230,0.195639,230,0.155355,230,0.126434,230,0.108496,
230.5,0.00485553,230.5,0.00487318,230.5,0.195961,230.5,0.155343,230.5,0.126412,230.5,0.108476,
231,0.00483937,231,0.00486165,231,0.196229,231,0.155322,231,0.126398,231,0.10846,
231.5,0.00482398,231.5,0.00484338,231.5,0.196524,231.5,0.155298,231.5,0.126383,231.5,0.108443,
232,0.00481501,232,0.00482563,232,0.196817,232,0.155286,232,0.12636,232,0.108424,
232.5,0.00479038,232.5,0.00481387,232.5,0.19707,232.5,0.155265,232.5,0.126345,232.5,0.108408,
233,0.00477955,233,0.00480979,233,0.197346,233,0.155251,233,0.126329,233,0.108388,
233.5,0.0047639,233.5,0.00478329,233.5,0.197577,233.5,0.155231,233.5,0.126311,233.5,0.108376,
234,0.00474973,234,0.00476748,234,0.197819,234,0.155208,234,0.126307,234,0.108364,
234.5,0.00473342,234.5,0.00475223,234.5,0.198081,234.5,0.155199,234.5,0.12628,234.5,0.108338,
235,0.004719,235,0.00473736,235,0.198318,235,0.155187,235,0.126262,235,0.108327,
235.5,0.00470074,235.5,0.00472698,235.5,0.198543,235.5,0.155162,235.5,0.126241,235.5,0.10831,
236,0.0046887,236,0.00470939,236,0.198764,236,0.155142,236,0.126228,236,0.108288,
236.5,0.00466557,236.5,0.00468994,236.5,0.198972,236.5,0.15513,236.5,0.126207,236.5,0.108267,
237,0.00465732,237,0.00468393,237,0.199172,237,0.155115,237,0.126202,237,0.108253,
237.5,0.00463964,237.5,0.00466041,237.5,0.199374,237.5,0.155086,237.5,0.126169,237.5,0.108241,
238,0.00462607,238,0.00464172,238,0.199557,238,0.15507,238,0.126165,238,0.108219,
238.5,0.00461327,238.5,0.00463615,238.5,0.199736,238.5,0.155054,238.5,0.126139,238.5,0.1082,
239,0.00459675,239,0.00461746,239,0.199904,239,0.15504,239,0.126127,239,0.10819,
239.5,0.00457935,239.5,0.00460609,239.5,0.200079,239.5,0.155018,239.5,0.126105,239.5,0.10817,
240,0.00456499,240,0.0045865,240,0.200238,240,0.155001,240,0.126087,240,0.108156,
240.5,0.00455176,240.5,0.00456808,240.5,0.200381,240.5,0.15498,240.5,0.126072,240.5,0.108139,
241,0.00453593,241,0.004558,241,0.200533,241,0.154964,241,0.126057,241,0.108115,
241.5,0.00451897,241.5,0.00453828,241.5,0.200676,241.5,0.154947,241.5,0.126041,241.5,0.108106,
242,0.00450319,242,0.00453205,242,0.200817,242,0.154933,242,0.12602,242,0.108085,
242.5,0.00449561,242.5,0.00451206,242.5,0.200947,242.5,0.15491,242.5,0.126004,242.5,0.108065,
243,0.00446685,243,0.00449811,243,0.201078,243,0.154898,243,0.125988,243,0.108049,
243.5,0.00446075,243.5,0.00447307,243.5,0.201192,243.5,0.15488,243.5,0.125971,243.5,0.108029,
244,0.00444163,244,0.00446551,244,0.201293,244,0.154857,244,0.125953,244,0.108016,
244.5,0.00442956,244.5,0.00444589,244.5,0.2014,244.5,0.154843,244.5,0.125931,244.5,0.107994,
245,0.0044108,245,0.00443755,245,0.201502,245,0.154822,245,0.12592,245,0.107981,
245.5,0.00440049,245.5,0.00442878,245.5,0.201609,245.5,0.154802,245.5,0.125902,245.5,0.107966,
246,0.00438715,246,0.00440786,246,0.20168,246,0.15479,246,0.125887,246,0.107956,
246.5,0.00436648,246.5,0.00438738,246.5,0.201782,246.5,0.154763,246.5,0.125863,246.5,0.107939,
247,0.00435752,247,0.00437912,247,0.201857,247,0.154753,247,0.12585,247,0.10791,
247.5,0.00433884,247.5,0.00436819,247.5,0.20193,247.5,0.154743,247.5,0.125829,247.5,0.107905,
248,0.00432264,248,0.00435012,248,0.201988,248,0.154717,248,0.125822,248,0.107887,
248.5,0.004309,248.5,0.00432916,248.5,0.202047,248.5,0.154698,248.5,0.125801,248.5,0.107873,
249,0.00428886,249,0.00431372,249,0.202107,249,0.154683,249,0.125781,249,0.107848,
249.5,0.00427701,249.5,0.0043045,249.5,0.202171,249.5,0.154668,249.5,0.12577,249.5,0.107842,
250,0.00426159,250,0.00428322,250,0.202209,250,0.154648,250,0.125745,250,0.107818,
250.5,0.0042502,250.5,0.00427607,250.5,0.202276,250.5,0.154632,250.5,0.125736,250.5,0.107805,
251,0.00423008,251,0.00426006,251,0.202314,251,0.154621,251,0.125719,251,0.107789,
251.5,0.00422412,251.5,0.00424225,251.5,0.202329,251.5,0.154604,251.5,0.125702,251.5,0.107769,
252,0.00420537,252,0.00422736,252,0.202359,252,0.15458,252,0.125685,252,0.107751,
252.5,0.0042,252.5,0.00421783,252.5,0.202395,252.5,0.154572,252.5,0.125672,252.5,0.107732,
253,0.00418016,253,0.00420208,253,0.202396,253,0.154548,253,0.125652,253,0.107722,
253.5,0.00416027,253.5,0.00418382,253.5,0.202432,253.5,0.154527,253.5,0.125634,253.5,0.107701,
254,0.00415135,254,0.00417281,254,0.202447,254,0.154515,254,0.125624,254,0.107689,
254.5,0.00413383,254.5,0.00415314,254.5,0.202457,254.5,0.154497,254.5,0.125603,254.5,0.107668,
255,0.00411373,255,0.00413977,255,0.202468,255,0.15449,255,0.125582,255,0.107655,
255.5,0.00409853,255.5,0.00412311,255.5,0.202457,255.5,0.154461,255.5,0.125572,255.5,0.107631,
256,0.00408588,256,0.00411079,256,0.202452,256,0.154445,256,0.12555,256,0.107623,
256.5,0.00407533,256.5,0.00409558,256.5,0.202445,256.5,0.154426,256.5,0.125537,256.5,0.107605,
257,0.00406213,257,0.00408356,257,0.202443,257,0.154411,257,0.125522,257,0.107592,
257.5,0.004045,257.5,0.00407036,257.5,0.202422,257.5,0.154391,257.5,0.125509,257.5,0.107574,
258,0.00403229,258,0.00405594,258,0.202413,258,0.154378,258,0.125489,258,0.107565,
258.5,0.00401765,258.5,0.00403426,258.5,0.202401,258.5,0.154373,258.5,0.125474,258.5,0.107542,
259,0.00400511,259,0.00402556,259,0.202377,259,0.154349,259,0.125464,259,0.10753,
259.5,0.0039854,259.5,0.00401101,259.5,0.202364,259.5,0.154325,259.5,0.125443,259.5,0.107516,
260,0.00397312,260,0.00399896,260,0.202347,260,0.154318,260,0.125425,260,0.107499,
260.5,0.0039686,260.5,0.00397875,260.5,0.202327,260.5,0.154294,260.5,0.125415,260.5,0.107486,
261,0.00394913,261,0.00396953,261,0.202299,261,0.15428,261,0.125399,261,0.107469,
261.5,0.0039406,261.5,0.00396595,261.5,0.202288,261.5,0.154265,261.5,0.125378,261.5,0.107454,
262,0.00392276,262,0.00394461,262,0.202258,262,0.154247,262,0.125366,262,0.10744,
262.5,0.00390724,262.5,0.0039329,262.5,0.202231,262.5,0.154223,262.5,0.12535,262.5,0.107419,
263,0.00389076,263,0.003914,263,0.20221,263,0.154213,263,0.125336,263,0.107401,
263.5,0.00387805,263.5,0.00389855,263.5,0.202181,263.5,0.154198,263.5,0.125315,263.5,0.10739,
264,0.00386809,264,0.00388991,264,0.202161,264,0.154185,264,0.125306,264,0.107378,
264.5,0.00385254,264.5,0.00387956,264.5,0.202127,264.5,0.154169,264.5,0.125284,264.5,0.107359,
265,0.00384302,265,0.00386007,265,0.202106,265,0.154154,265,0.125272,265,0.107349,
265.5,0.00382398,265.5,0.00384949,265.5,0.202073,265.5,0.154135,265.5,0.125258,265.5,0.107326,
266,0.00381465,266,0.00384029,266,0.202047,266,0.154127,266,0.125242,266,0.107316,
266.5,0.0037975,266.5,0.00382024,266.5,0.202016,266.5,0.154107,266.5,0.125228,266.5,0.1073,
267,0.00378905,267,0.00381454,267,0.201992,267,0.154087,267,0.125219,267,0.107285,
267.5,0.00377677,267.5,0.00379705,267.5,0.20196,267.5,0.154075,267.5,0.125198,267.5,0.107276,
268,0.00375804,268,0.00378577,268,0.201927,268,0.154061,268,0.125176,268,0.107255,
268.5,0.0037452,268.5,0.00376969,268.5,0.201895,268.5,0.154047,268.5,0.125169,268.5,0.107241,
269,0.00373103,269,0.00375897,269,0.20187,269,0.154033,269,0.125155,269,0.107225,
269.5,0.00372682,269.5,0.00374639,269.5,0.20184,269.5,0.154018,269.5,0.125144,269.5,0.107215,
270,0.00370987,270,0.00373055,270,0.201796,270,0.154003,270,0.125128,270,0.107204,
270.5,0.00369444,270.5,0.00371556,270.5,0.201775,270.5,0.153983,270.5,0.125118,270.5,0.107186,
271,0.00368162,271,0.00370529,271,0.201736,271,0.153974,271,0.125106,271,0.107173,
271.5,0.00367344,271.5,0.00369308,271.5,0.201711,271.5,0.153961,271.5,0.125081,271.5,0.107162,
272,0.00366608,272,0.00367741,272,0.201675,272,0.153945,272,0.125074,272,0.107146,
272.5,0.00364488,272.5,0.00366709,272.5,0.20165,272.5,0.153926,272.5,0.125053,272.5,0.10713,
273,0.00362889,273,0.00365633,273,0.201607,273,0.15391,273,0.125042,273,0.107117,
273.5,0.00362054,273.5,0.00364614,273.5,0.201583,273.5,0.153896,273.5,0.125027,273.5,0.107101,
274,0.00360988,274,0.00363553,274,0.201548,274,0.153889,274,0.125012,274,0.107089,
274.5,0.0036018,274.5,0.00362367,274.5,0.201517,274.5,0.153869,274.5,0.124998,274.5,0.107078,
275,0.00358537,275,0.00360804,275,0.201478,275,0.153854,275,0.124983,275,0.107063,
275.5,0.00357471,275.5,0.00359344,275.5,0.201447,275.5,0.15384,275.5,0.124971,275.5,0.107048,
276,0.00356187,276,0.00358233,276,0.201413,276,0.153822,276,0.124955,276,0.107036,
276.5,0.00354622,276.5,0.00357292,276.5,0.201386,276.5,0.153812,276.5,0.124948,276.5,0.107023,
277,0.00353946,277,0.00356316,277,0.20135,277,0.153799,277,0.124929,277,0.107007,
277.5,0.00352497,277.5,0.00355009,277.5,0.20132,277.5,0.15379,277.5,0.124921,277.5,0.106997,
278,0.00351419,278,0.00353183,278,0.201293,278,0.153766,278,0.124912,278,0.106981,
278.5,0.00350701,278.5,0.00352681,278.5,0.201262,278.5,0.153759,278.5,0.124897,278.5,0.106974,
279,0.00349249,279,0.00351508,279,0.201223,279,0.153744,279,0.124876,279,0.106958,
279.5,0.0034841,279.5,0.00350499,279.5,0.201191,279.5,0.153735,279.5,0.124866,279.5,0.106945,
280,0.00346973,280,0.00349214,280,0.201155,280,0.153715,280,0.124857,280,0.106935,
280.5,0.00345126,280.5,0.00347917,280.5,0.201121,280.5,0.153702,280.5,0.124841,280.5,0.106919,
281,0.00344587,281,0.0034658,281,0.201091,281,0.153697,281,0.12483,281,0.106911,
281.5,0.00343691,281.5,0.00345532,281.5,0.201055,281.5,0.153687,281.5,0.124816,281.5,0.106899,
282,0.00342344,282,0.00344425,282,0.201028,282,0.153665,282,0.124807,282,0.106886,
282.5,0.00341084,282.5,0.00342932,282.5,0.200992,282.5,0.153649,282.5,0.124791,282.5,0.106868,
283,0.0033988,283,0.00342465,283,0.200969,283,0.153638,283,0.124786,283,0.106862,
283.5,0.00339237,283.5,0.00341275,283.5,0.200929,283.5,0.153627,283.5,0.124764,283.5,0.106846,
284,0.00337453,284,0.0034026,284,0.200898,284,0.15361,284,0.124757,284,0.106833,
284.5,0.00336912,284.5,0.00339237,284.5,0.200862,284.5,0.153597,284.5,0.12474,284.5,0.106824,
285,0.00335488,285,0.00337918,285,0.200829,285,0.153592,285,0.124734,285,0.106813,
285.5,0.00334366,285.5,0.00337289,285.5,0.200805,285.5,0.153577,285.5,0.124721,285.5,0.1068,
286,0.00333383,286,0.00336074,286,0.200774,286,0.15356,286,0.124706,286,0.106791,
286.5,0.00333048,286.5,0.00334951,286.5,0.200742,286.5,0.153551,286.5,0.124697,286.5,0.106779,
287,0.00331812,287,0.00334137,287,0.200716,287,0.153541,287,0.124678,287,0.106765,
287.5,0.00330586,287.5,0.003329,287.5,0.200686,287.5,0.15353,287.5,0.124672,287.5,0.106754,
288,0.00329178,288,0.00331706,288,0.200651,288,0.153508,288,0.124657,288,0.106741,
288.5,0.00327998,288.5,0.00330372,288.5,0.200623,288.5,0.153505,288.5,0.124646,288.5,0.106727,
289,0.00327815,289,0.0032972,289,0.200591,289,0.153489,289,0.124635,289,0.106717,
289.5,0.00326097,289.5,0.00328836,289.5,0.200563,289.5,0.153483,289.5,0.124628,289.5,0.106711,
290,0.00325181,290,0.00327352,290,0.200532,290,0.153466,290,0.124608,290,0.106696,
290.5,0.00323603,290.5,0.00326223,290.5,0.200491,290.5,0.15345,290.5,0.124604,290.5,0.106683,
291,0.00322964,291,0.00325022,291,0.200474,291,0.153446,291,0.124599,291,0.106678,
291.5,0.00322559,291.5,0.00324581,291.5,0.200444,291.5,0.153434,291.5,0.124581,291.5,0.106665,
292,0.0032087,292,0.00323179,292,0.200413,292,0.15342,292,0.124572,292,0.10665,
292.5,0.00320235,292.5,0.00322178,292.5,0.200377,292.5,0.153411,292.5,0.12456,292.5,0.106641,
293,0.00319815,293,0.00321969,293,0.200355,293,0.1534,293,0.124544,293,0.106632,
293.5,0.00318683,293.5,0.00321054,293.5,0.200325,293.5,0.153391,293.5,0.124537,293.5,0.106625,
294,0.00317543,294,0.00319739,294,0.200296,294,0.153378,294,0.12453,294,0.106611,
294.5,0.00316543,294.5,0.00319037,294.5,0.200266,294.5,0.153368,294.5,0.124512,294.5,0.106597,
295,0.0031474,295,0.00317627,295,0.200239,295,0.153354,295,0.124503,295,0.106585,
295.5,0.00314753,295.5,0.00316637,295.5,0.200204,295.5,0.153339,295.5,0.124491,295.5,0.106579,
296,0.00313175,296,0.00315778,296,0.200174,296,0.15333,296,0.124489,296,0.106564,
296.5,0.00312597,296.5,0.00314957,296.5,0.200154,296.5,0.153323,296.5,0.124475,296.5,0.106554,
297,0.00311957,297,0.00314238,297,0.200124,297,0.153313,297,0.124463,297,0.106549,
297.5,0.00310732,297.5,0.00312516,297.5,0.200093,297.5,0.153301,297.5,0.124451,297.5,0.10653,
298,0.00309845,298,0.00311817,298,0.200068,298,0.153288,298,0.124439,298,0.10652,
298.5,0.00309028,298.5,0.00311262,298.5,0.20004,298.5,0.153279,298.5,0.124436,298.5,0.106513,
299,0.003079,299,0.00309976,299,0.20002,299,0.153262,299,0.124416,299,0.106502,
299.5,0.00307179,299.5,0.00308965,299.5,0.199985,299.5,0.153258,299.5,0.124412,299.5,0.106495,
300,0.00306344,300,0.00308257,300,0.199961,300,0.153245,300,0.124404,300,0.106481,
300,0.003064,300,0.0030832,300,0.199962,300,0.153245,300,0.124404,300,0.10648,
